POLICY_ID,DATE_BD,DATE_ED,DURATION_YEAR,DURATION_MONTH,EXPOSURE_FACTOR,BENEFIT_AMOUNT,CTR,LIVES_BD,LIVES_MD,LIVES_ED,DISCOUNT_BD,DISCOUNT_MD,DISCOUNT_ED,PVFB_BD,PVFB_ED,DATE_DLR,DLR
M1,2005-02-10,2005-03-10,1,1,1.0,0.0,0.0,1.0,1.0,1.0,1.0,0.9987691413685843,0.9975397977501389,8652.32,8652.32,2005-02-10,8652.32
M1,2005-03-10,2005-04-10,1,2,1.0,0.0,0.0,1.0,1.0,1.0,0.9975397977501389,0.9963119672798975,0.9950856480953882,8652.32,8652.32,2005-03-10,8673.66
M1,2005-04-10,2005-05-10,1,3,1.0,0.0,0.0,1.0,1.0,1.0,0.9950856480953882,0.9938608383364321,0.9926375361451396,8652.32,8652.32,2005-04-10,8695.05
M1,2005-05-10,2005-06-10,1,4,1.0,100.0,0.0526395,1.0,0.97368025,0.9473605,0.9926375361451396,0.9914157396659079,0.9901954470454188,8652.32,8555.79,2005-05-10,8716.49
M1,2005-06-10,2005-07-10,1,5,1.0,100.0,0.05588849999999999,0.9473605,0.920887221347875,0.89441394269575,0.9901954470454188,0.9889766564326342,0.9877593659787955,8555.79,8464.71,2005-06-10,9120.61
M1,2005-07-10,2005-08-10,1,6,1.0,100.0,0.05796900000000001,0.89441394269575,0.8684898017736851,0.8425656608516201,0.9877593659787955,0.9865435738374188,0.9853292781642932,8464.71,8379.03,2005-07-10,9581.25
M1,2005-08-10,2005-09-10,1,7,1.0,100.0,0.05852,0.8425656608516201,0.8179121896151017,0.7932587183785833,0.9853292781642932,0.984116477117478,0.9829051688572995,8379.03,8298.54,2005-08-10,10092.73
M1,2005-09-10,2005-10-10,1,8,1.0,100.0,0.05644900000000001,0.7932587183785833,0.770869387681707,0.7484800569848307,0.9829051688572995,0.9816953515463482,0.9804870233494767,8298.54,8222.86,2005-09-10,10643.27
M1,2005-10-10,2005-11-10,1,9,1.0,100.0,0.053048,0.7484800569848307,0.728627371953365,0.7087746869218994,0.9804870233494767,0.9792801824337958,0.9780748269686728,8222.86,8151.51,2005-10-10,11204.71
M1,2005-11-10,2005-12-10,1,10,1.0,100.0,0.0489155,0.7087746869218994,0.6914396528228353,0.6741046187237713,0.9780748269686728,0.9768709551257277,0.975668565078832,8151.51,8083.97,2005-11-10,11758.66
M1,2005-12-10,2006-01-10,1,11,1.0,100.0,0.0453055,0.6741046187237713,0.6588342953219763,0.6435639719201814,0.975668565078832,0.9744676550041036,0.9732682230799063,8083.97,8019.77,2005-12-10,12291.22
M1,2006-01-10,2006-02-10,1,12,1.0,100.0,0.041287000000000004,0.6435639719201814,0.6302785590658472,0.6169931462115129,0.9732682230799063,0.9720702674868459,0.970873786407767,8019.77,7958.5,2006-01-10,12803.76
M1,2006-02-10,2006-03-10,2,13,1.0,100.0,0.033337,0.6169931462115129,0.6067087959538864,0.5964244456962597,0.970873786407767,0.9696787780277516,0.9684852405341154,7958.5,7899.67,2006-02-10,13285.81
M1,2006-03-10,2006-04-10,2,14,1.0,100.0,0.030158000000000004,0.5964244456962597,0.5874309614796058,0.5784374772629519,0.9684852405341154,0.9672931721164052,0.9661025709663963,7899.67,7842.84,2006-03-10,13676.04
M1,2006-04-10,2006-05-10,2,15,1.0,100.0,0.026911,0.5784374772629519,0.5706543117876403,0.5628711463123286,0.9661025709663963,0.9649134352780894,0.9637257632477082,7842.84,7787.78,2006-04-10,14034.39
M1,2006-05-10,2006-06-10,2,16,1.0,100.0,0.024276,0.5628711463123286,0.5560390163383895,0.5492068863644505,0.9637257632477082,0.962539553073697,0.9613548029567173,7787.78,7734.26,2006-05-10,14356.59
M1,2006-06-10,2006-07-10,2,17,1.0,100.0,0.021496499999999998,0.5492068863644505,0.5433038734480837,0.5374008605317171,0.9613548029567173,0.9601715110996449,0.9589896757075684,7734.26,7682.09,2006-06-10,14648.7
M1,2006-07-10,2006-08-10,2,18,1.0,100.0,0.018955,0.5374008605317171,0.5323076438760277,0.5272144272203384,0.9589896757075684,0.9578092949877852,0.9566303671497991,7682.09,7631.11,2006-07-10,14906.21
M1,2006-08-10,2006-09-10,2,19,1.0,100.0,0.01683,0.5272144272203384,0.5227779178152793,0.5183414084102201,0.9566303671497991,0.9554528904053183,0.9542768629682518,7631.11,7581.16,2006-08-10,15130.6
M1,2006-09-10,2006-10-10,2,20,1.0,100.0,0.015146999999999999,0.5183414084102201,0.5144157497536253,0.5104900910970305,0.9542768629682518,0.953102283054707,0.9519291488829871,7581.16,7532.13,2006-09-10,15326.58
M1,2006-10-10,2006-11-10,2,21,1.0,100.0,0.013923000000000001,0.5104900910970305,0.5069363143278585,0.5033825375586866,0.9519291488829871,0.9507574586735882,0.9495872106491969,7532.13,7483.93,2006-10-10,15499.79
M1,2006-11-10,2006-12-10,2,22,1.0,100.0,0.012699,0.5033825375586866,0.5001863101364576,0.4969900827142288,0.9495872106491969,0.9484184030346873,0.9472510340571184,7483.93,7436.5,2006-11-10,15656.57
M1,2006-12-10,2007-01-10,2,23,1.0,100.0,0.011474999999999999,0.4969900827142288,0.4941386021146559,0.491287121515083,0.9472510340571184,0.9460851019457317,0.944920604931948,7436.5,7389.75,2006-12-10,15796.31
M1,2007-01-10,2007-02-10,2,24,1.0,100.0,0.010251,0.491287121515083,0.48876902937375744,0.4862509372324319,0.944920604931948,0.9437575412493647,0.9425959091337544,7389.75,7343.62,2007-01-10,15918.39
M1,2007-02-10,2007-03-10,3,25,1.0,100.0,0.009026999999999999,0.4862509372324319,0.4840562436272333,0.48186155002203473,0.9425959091337544,0.9414357068230599,0.9402769325573938,7343.62,7298.05,2007-02-10,16022.28
M1,2007-03-10,2007-04-10,3,26,1.0,100.0,0.0087975,0.48186155002203473,0.47974196152887527,0.47762237303571586,0.9402769325573938,0.9391195845790342,0.9379636611324235,7298.05,7252.99,2007-03-10,16107.52
M1,2007-04-10,2007-05-10,3,27,1.0,100.0,0.008576499999999999,0.47762237303571586,0.4755742088945455,0.47352604475337506,0.9379636611324235,0.9368091604641644,0.9356560808230178,7252.99,7208.44,2007-04-10,16189.98
M1,2007-05-10,2007-06-10,3,28,1.0,100.0,0.008347,0.47352604475337506,0.47154978380559687,0.46957352285781867,0.9356560808230178,0.9345044204598999,0.9333541776278806,7208.44,7164.37,2007-05-10,16269.76
M1,2007-06-10,2007-07-10,3,29,1.0,100.0,0.008126000000000001,0.46957352285781867,0.46766564563444735,0.4657577684110761,0.9333541776278806,0.9322053505821795,0.9310579375801634,7164.37,7120.78,2007-06-10,16346.62
M1,2007-07-10,2007-08-10,3,30,1.0,100.0,0.007904999999999999,0.4657577684110761,0.4639168608314313,0.4620759532517865,0.9310579375801634,0.9299119368813447,0.9287673467473778,7120.78,7077.64,2007-07-10,16420.67
M1,2007-08-10,2007-09-10,3,31,1.0,100.0,0.007683999999999999,0.4620759532517865,0.4603006574393932,0.4585253616269998,0.9287673467473778,0.9276241654420566,0.9264823912313125,7077.64,7034.94,2007-08-10,16491.8
M1,2007-09-10,2007-10-10,3,32,1.0,100.0,0.007471500000000001,0.4585253616269998,0.4568124255073017,0.4550994893876037,0.9264823912313125,0.9253420223832107,0.9242030571679485,7034.94,6992.67,2007-09-10,16559.98
M1,2007-10-10,2007-11-10,3,33,1.0,100.0,0.007259000000000001,0.4550994893876037,0.45344770579087135,0.45179592219413905,0.9242030571679485,0.9230654938578524,0.9219293307273756,6992.67,6950.81,2007-10-10,16625.29
M1,2007-11-10,2007-12-10,3,34,1.0,100.0,0.007055,0.45179592219413905,0.45020221207859923,0.4486085019630594,0.9219293307273756,0.9207945660530944,0.9196611981137072,6950.81,6909.36,2007-11-10,16687.66
M1,2007-12-10,2008-01-10,3,35,1.0,100.0,0.0068509999999999995,0.4486085019630594,0.4470717935395849,0.44553508511611045,0.9196611981137072,0.9185292251900308,0.917398645564998,6909.36,6868.29,2007-12-10,16747.21
M1,2008-01-10,2008-02-10,3,36,1.0,100.0,0.0066555,0.44553508511611045,0.44405245573661534,0.44256982635712017,0.917398645564998,0.9162694575236552,0.9151416593531596,6868.29,6827.61,2008-01-10,16803.84
M1,2008-02-10,2008-03-10,4,37,1.0,100.0,0.00646,0.44256982635712017,0.4411403258179867,0.43971082527885313,0.9151416593531596,0.9140152493427766,0.9128902257838774,6827.61,6787.29,2008-02-10,16857.71
M1,2008-03-10,2008-04-10,4,38,1.0,100.0,0.006264500000000001,0.43971082527885313,0.43833354104637345,0.4369562568138938,0.9128902257838774,0.9117665869699362,0.9106443311965278,6787.29,6747.32,2008-03-10,16908.72
M1,2008-04-10,2008-05-10,4,39,1.0,100.0,0.0060775,0.4369562568138938,0.43562845598850053,0.43430065516310734,0.9106443311965278,0.9095234567613246,0.9084039619640949,6747.32,6707.7,2008-04-10,16956.83
M1,2008-05-10,2008-06-10,4,40,1.0,100.0,0.005899000000000001,0.43430065516310734,0.4330196853807038,0.4317387155983002,0.9084039619640949,0.907285845106699,0.906169104493088,6707.7,6668.41,2008-05-10,17002.16
M1,2008-06-10,2008-07-10,4,41,1.0,100.0,0.0057205,0.4317387155983002,0.43050383493701017,0.4292689542757201,0.906169104493088,0.9050537384293004,0.9039397452234597,6668.41,6629.45,2008-06-10,17044.81
M1,2008-07-10,2008-08-10,4,42,1.0,100.0,0.005550499999999999,0.4292689542757201,0.4280776256103664,0.4268862969450127,0.9039397452234597,0.9028271231857715,0.9017158706285221,6629.45,6590.8,2008-07-10,17084.75
M1,2008-08-10,2008-09-10,4,43,1.0,100.0,0.0053805,0.4268862969450127,0.42573786608465636,0.42458943522430004,0.9017158706285221,0.9006059858660743,0.8994974672148665,6590.8,6552.46,2008-08-10,17122.07
M1,2008-09-10,2008-10-10,4,44,1.0,100.0,0.005219,0.42458943522430004,0.42348146909308226,0.42237350296186443,0.8994974672148665,0.8983903129934083,0.8972845215222801,6552.46,6514.41,2008-09-10,17156.76
M1,2008-10-10,2008-11-10,4,45,1.0,100.0,0.0050575,0.42237350296186443,0.42130542596624965,0.4202373489706348,0.8972845215222801,0.8961800911241287,0.8950770201236655,6514.41,6476.66,2008-10-10,17188.91
M1,2008-11-10,2008-12-10,4,46,1.0,100.0,0.0049045,0.4202373489706348,0.41920682193162156,0.4181762948926083,0.8950770201236655,0.8939753068476644,0.8928749496249583,6476.66,6439.18,2008-11-10,17218.53
M1,2008-12-10,2009-01-10,4,47,1.0,100.0,0.0047599999999999995,0.4181762948926083,0.4171810353107639,0.4161857757289195,0.8928749496249583,0.8917759467864377,0.8906782966650465,6439.18,6401.98,2008-12-10,17245.69
M1,2009-01-10,2009-02-10,4,48,1.0,100.0,0.0046155,0.4161857757289195,0.4152253230049811,0.4142648702810427,0.8906782966650465,0.8895819975957817,0.8884870479156888,6401.98,6365.04,2009-01-10,17270.55
M1,2009-02-10,2009-03-10,5,49,1.0,100.0,0.004471,0.4142648702810427,0.4133387811635294,0.41241269204601616,0.8884870479156888,0.8873934459638607,0.8863011900814343,6365.04,6328.36,2009-02-10,17293.06
M1,2009-03-10,2009-04-10,5,50,1.0,100.0,0.004335,0.41241269204601616,0.41151878753600646,0.4106248830259967,0.8863011900814343,0.8852102786115884,0.8841207098995415,6328.36,6291.93,2009-03-10,17313.22
M1,2009-04-10,2009-05-10,5,51,1.0,100.0,0.004199,0.4106248830259967,0.4097627760840836,0.40890066914217055,0.8841207098995415,0.8830324822925483,0.8819455941398978,6291.93,6255.75,2009-04-10,17331.14
M1,2009-05-10,2009-06-10,5,52,1.0,100.0,0.0040715,0.40890066914217055,0.40806824960496435,0.4072358300677582,0.8819455941398978,0.8808600437929116,0.8797758296049399,6255.75,6219.8,2009-05-10,17346.82
M1,2009-06-10,2009-07-10,5,53,1.0,100.0,0.003944,0.4072358300677582,0.40643276101086456,0.40562969195397097,0.8797758296049399,0.8786929499313596,0.8776114031295725,6219.8,6184.09,2009-06-10,17360.35
M1,2009-07-10,2009-08-10,5,54,1.0,100.0,0.0038165,0.40562969195397097,0.40485564909429983,0.40408160623462863,0.8776114031295725,0.8765311875590015,0.8754523015810893,6184.09,6148.6,2009-07-10,17371.76
M1,2009-08-10,2009-09-10,5,55,1.0,100.0,0.0037570000000000004,0.40408160623462863,0.40332253893731684,0.4025634716400051,0.8754523015810893,0.8743747435592956,0.8732985118590936,6148.6,6113.34,2009-08-10,17381.0
M1,2009-09-10,2009-10-10,5,56,1.0,100.0,0.0036975,0.4025634716400051,0.4018192324218106,0.40107499320361617,0.8732985118590936,0.8722236048479692,0.8711500208954176,6113.34,6078.29,2009-09-10,17389.27
M1,2009-10-10,2009-11-10,5,57,1.0,100.0,0.0036465000000000004,0.40107499320361617,0.4003437332222577,0.39961247324089916,0.8711500208954176,0.8700777583729404,0.8690068156540443,6078.29,6043.46,2009-10-10,17396.54
M1,2009-11-10,2009-12-10,5,58,1.0,100.0,0.0035870000000000003,0.39961247324089916,0.3988957682701416,0.3981790632993841,0.8690068156540443,0.8679371911142373,0.8668688831310275,6043.46,6008.84,2009-11-10,17402.97
M1,2009-12-10,2010-01-10,5,59,1.0,100.0,0.0035275,0.3981790632993841,0.3974767749764898,0.3967744866535955,0.8668688831310275,0.86580189008392,0.8647362103544142,6008.84,5974.42,2009-12-10,17408.4
M1,2010-01-10,2010-02-10,5,60,1.0,100.0,0.0034679999999999993,0.3967744866535955,0.3960864796937381,0.3953984727338808,0.8647362103544142,0.8636718423260017,0.8626087843841639,5974.42,5940.21,2010-01-10,17412.79
M1,2010-02-10,2010-03-10,6,61,1.0,100.0,0.0034012872510383874,0.3953984727338808,0.3947260408416859,0.394053608949491,0.8626087843841639,0.8615470349163695,0.860486592312072,5940.21,5906.21,2010-02-10,17416.18
M1,2010-03-10,2010-04-10,6,62,1.0,100.0,0.0034012872510383874,0.394053608949491,0.3933834641913182,0.3927133194331454,0.860486592312072,0.8594274549627071,0.8583696212616907,5906.21,5872.4,2010-03-10,17418.45
M1,2010-04-10,2010-05-10,6,63,1.0,100.0,0.0034012872510383874,0.3927133194331454,0.39204545402979496,0.3913775886264445,0.8583696212616907,0.8573130896044155,0.8562578583882503,5872.4,5838.79,2010-04-10,17420.7
M1,2010-05-10,2010-06-10,6,64,1.0,100.0,0.0034012872510383874,0.3913775886264445,0.3907119948251759,0.39004640102390725,0.8562578583882503,0.8552039260125356,0.8541512908785824,5838.79,5805.37,2010-05-10,17422.98
M1,2010-06-10,2010-07-10,6,65,1.0,100.0,0.0034012872510383874,0.39004640102390725,0.38938307109834924,0.38871974117279123,0.8541512908785824,0.8530999513896694,0.8520499059510412,5805.37,5772.15,2010-06-10,17425.24
M1,2010-07-10,2010-08-10,6,66,1.0,100.0,0.0034012872510383874,0.38871974117279123,0.3880586674228522,0.38739759367291327,0.8520499059510412,0.8510011529699043,0.8499536908554265,5772.15,5739.13,2010-07-10,17427.54
M1,2010-08-10,2010-09-10,6,67,1.0,100.0,0.0034012872510383874,0.38739759367291327,0.38673876842469196,0.38607994317647065,0.8499536908554265,0.8489075180187334,0.8478626328729064,5739.13,5706.3,2010-08-10,17429.86
M1,2010-09-10,2010-10-10,6,68,1.0,100.0,0.0034012872510383874,0.38607994317647065,0.38542335878216677,0.3847667743878629,0.8478626328729064,0.8468190338329799,0.8457767193159393,5706.3,5673.66,2010-09-10,17432.19
M1,2010-10-10,2010-11-10,6,69,1.0,100.0,0.0034012872510383874,0.3847667743878629,0.3841124232256886,0.3834580720635143,0.8457767193159393,0.8447356877407188,0.8436959375281983,5673.66,5641.21,2010-10-10,17434.52
M1,2010-11-10,2010-12-10,6,70,1.0,100.0,0.0034012872510383874,0.3834580720635143,0.3828059465376056,0.38215382101169687,0.8436959375281983,0.8426574671012013,0.8416202748844928,5641.21,5608.96,2010-11-10,17436.87
M1,2010-12-10,2011-01-10,6,71,1.0,100.0,0.0034012872510383874,0.38215382101169687,0.3815039135520255,0.3808540060923542,0.8416202748844928,0.8405843593047767,0.8395497187906933,5608.96,5576.89,2010-12-10,17439.26
M1,2011-01-10,2011-02-10,6,72,1.0,100.0,0.0034012872510383874,0.3808540060923542,0.3802063091546398,0.3795586122169254,0.8395497187906933,0.838516351772817,0.8374842566836542,5576.89,5545.01,2011-01-10,17441.63
M1,2011-02-10,2011-03-10,7,73,1.0,100.0,0.003004315381925138,0.3795586122169254,0.37898845532841263,0.37841829843989994,0.8374842566836542,0.8364534319576402,0.835423876031138,5545.01,5513.31,2011-02-10,17444.03
M1,2011-03-10,2011-04-10,7,74,1.0,100.0,0.003004315381925138,0.37841829843989994,0.37784985448249747,0.377281410525095,0.835423876031138,0.8343955873424342,0.8333685643317384,5513.31,5481.78,2011-03-10,17439.47
M1,2011-04-10,2011-05-10,7,75,1.0,100.0,0.003004315381925138,0.377281410525095,0.3767146743526175,0.37614793818014003,0.8333685643317384,0.8323428054411801,0.8313183091148061,5481.78,5450.42,2011-04-10,17434.88
M1,2011-05-10,2011-06-10,7,76,1.0,100.0,0.003004315381925138,0.37614793818014003,0.37558290466186306,0.37501787114358603,0.8313183091148061,0.8302950737985781,0.8292730979403712,5450.42,5419.24,2011-05-10,17430.26
M1,2011-06-10,2011-07-10,7,77,1.0,100.0,0.003004315381925138,0.37501787114358603,0.3744545351641993,0.37389119918481256,0.8292730979403712,0.8282523799899705,0.827232918399069,5419.24,5388.22,2011-06-10,17425.64
M1,2011-07-10,2011-08-10,7,78,1.0,100.0,0.003004315381925138,0.37389119918481256,0.37332955564437387,0.3727679121039352,0.827232918399069,0.8262147116212664,0.8251977581120645,5388.22,5357.38,2011-07-10,17420.97
M1,2011-08-10,2011-09-10,7,79,1.0,100.0,0.003004315381925138,0.3727679121039352,0.3722079559178242,0.3716479997317132,0.8251977581120645,0.8241820563288674,0.823167604730977,5357.38,5326.7,2011-08-10,17416.3
M1,2011-09-10,2011-10-10,7,80,1.0,100.0,0.003004315381925138,0.3716479997317132,0.37108972583058536,0.3705314519294575,0.823167604730977,0.8221544017795921,0.8211424459378052,5326.7,5296.19,2011-09-10,17411.58
M1,2011-10-10,2011-11-10,7,81,1.0,100.0,0.003004315381925138,0.3705314519294575,0.36997485525919815,0.3694182585889388,0.8211424459378052,0.8201317356706008,0.8191222694448527,5296.19,5265.85,2011-10-10,17406.84
M1,2011-11-10,2011-12-10,7,82,1.0,100.0,0.003004315381925138,0.3694182585889388,0.36886333411061745,0.36830840963229605,0.8191222694448527,0.8181140457293216,0.8171070629946531,5265.85,5235.67,2011-11-10,17402.09
M1,2011-12-10,2012-01-10,7,83,1.0,100.0,0.003004315381925138,0.36830840963229605,0.3677551523221207,0.36720189501194533,0.8171070629946531,0.8161013197133754,0.8150968143598963,5235.67,5205.66,2011-12-10,17397.29
M1,2012-01-10,2012-02-10,7,84,1.0,100.0,0.003004315381925138,0.36720189501194533,0.3666502998612171,0.3660987047104889,0.8150968143598963,0.8140935454105019,0.8130915113433536,5205.66,5175.81,2012-01-10,17392.49
M1,2012-02-10,2012-03-10,8,85,1.0,100.0,0.002608345629947828,0.3660987047104889,0.3656212487322083,0.3651437927539277,0.8130915113433536,0.8120907106384857,0.8110911417778037,5175.81,5146.12,2012-02-10,17387.64
M1,2012-03-10,2012-04-10,8,86,1.0,100.0,0.002608345629947828,0.3651437927539277,0.3646675821458616,0.36419137153779546,0.8110911417778037,0.8100928032450817,0.8090956935259597,5146.12,5116.58,2012-03-10,17375.86
M1,2012-04-10,2012-05-10,8,87,1.0,100.0,0.002608345629947828,0.36419137153779546,0.3637164030515878,0.36324143456538016,0.8090956935259597,0.8080998111079418,0.8071051544803942,5116.58,5087.19,2012-04-10,17364.02
M1,2012-05-10,2012-06-10,8,88,1.0,100.0,0.002608345629947828,0.36324143456538016,0.36276770496114785,0.3622939753569156,0.8071051544803942,0.806111722134542,0.8051195125634673,5087.19,5057.94,2012-05-10,17352.12
M1,2012-06-10,2012-07-10,8,89,1.0,100.0,0.002608345629947828,0.3622939753569156,0.3618214814032263,0.361348987449537,0.8051195125634673,0.8041285242621072,0.8031387557272515,5057.94,5028.85,2012-06-10,17340.12
M1,2012-07-10,2012-08-10,8,90,1.0,100.0,0.002608345629947828,0.361348987449537,0.36087772592338696,0.3604064643972369,0.8031387557272515,0.8021502054575401,0.8011628719534608,5028.85,4999.9,2012-07-10,17328.11
M1,2012-08-10,2012-09-10,8,91,1.0,100.0,0.002608345629947828,0.3604064643972369,0.35993643208402915,0.3594663997708214,0.8011628719534608,0.800176753717347,0.7991918492533757,4999.9,4971.1,2012-08-10,17316.01
M1,2012-09-10,2012-10-10,8,92,1.0,100.0,0.002608345629947828,0.3594663997708214,0.3589975934643438,0.3585287871578661,0.7991918492533757,0.7982081570675651,0.797225675667772,4971.1,4942.44,2012-09-10,17303.87
M1,2012-10-10,2012-11-10,8,93,1.0,100.0,0.002608345629947828,0.3585287871578661,0.3580612036602693,0.35759362016267243,0.797225675667772,0.7962444035636901,0.7952643392668471,4942.44,4913.93,2012-10-10,17291.64
M1,2012-11-10,2012-12-10,8,94,1.0,100.0,0.002608345629947828,0.35759362016267243,0.3571272562844482,0.3566608924062239,0.7952643392668471,0.7942854812906034,0.7933078281501487,4913.93,4885.57,2012-11-10,17279.36
M1,2012-12-10,2013-01-10,8,95,1.0,100.0,0.002608345629947828,0.3566608924062239,0.35619574496618334,0.35573059752614283,0.7933078281501487,0.7923313783625003,0.7913561304465013,4885.57,4857.35,2012-12-10,17267.04
M1,2013-01-10,2013-02-10,8,96,1.0,100.0,0.002608345629947828,0.35573059752614283,0.3552666633513948,0.3548027291766468,0.7913561304465013,0.7903820829228174,0.7894092343139355,4857.35,4829.27,2013-01-10,17254.65
M1,2013-02-10,2013-03-10,9,97,1.0,100.0,0.0022140975855859946,0.3548027291766468,0.3544099452436321,0.35401716131061745,0.7894092343139355,0.7884375831441609,0.7874671279396153,4829.27,4801.32,2013-02-10,17242.19
M1,2013-03-10,2013-04-10,9,98,1.0,100.0,0.0022140975855859946,0.35401716131061745,0.35362524703956055,0.3532333327685036,0.7874671279396153,0.7864978672282347,0.7855297995397666,4801.32,4773.51,2013-03-10,17222.81
M1,2013-04-10,2013-05-10,9,99,1.0,100.0,0.0022140975855859946,0.3532333327685036,0.352842286233888,0.3524512396992724,0.7855297995397666,0.7845629234057688,0.783597237359606,4773.51,4745.83,2013-04-10,17203.37
M1,2013-05-10,2013-06-10,9,100,1.0,100.0,0.0022140975855859946,0.3524512396992724,0.3520610589798449,0.35167087826041743,0.783597237359606,0.7826327399364484,0.781669429673269,4745.83,4718.27,2013-05-10,17183.84
M1,2013-06-10,2013-07-10,9,101,1.0,100.0,0.0022140975855859946,0.35167087826041743,0.35128156143917877,0.3508922446179401,0.781669429673269,0.7807073051088419,0.7797463647837394,4718.27,4690.85,2013-06-10,17164.19
M1,2013-07-10,2013-08-10,9,102,1.0,100.0,0.0022140975855859946,0.3508922446179401,0.35050378978213537,0.3501153349463307,0.7797463647837394,0.7787866072403302,0.7778280310227775,4690.85,4663.55,2013-07-10,17144.48
M1,2013-08-10,2013-09-10,9,103,1.0,100.0,0.0022140975855859946,0.3501153349463307,0.34972774018744,0.34934014542854935,0.7778280310227775,0.776870634677036,0.7759144167508502,4663.55,4636.38,2013-08-10,17124.66
M1,2013-09-10,2013-10-10,9,104,1.0,100.0,0.0022140975855859946,0.34934014542854935,0.34895340884227855,0.34856667225600774,0.7759144167508502,0.7749593757937525,0.7740055103570602,4636.38,4609.34,2013-09-10,17104.75
M1,2013-10-10,2013-11-10,9,105,1.0,100.0,0.0022140975855859946,0.34856667225600774,0.34818079194227886,0.34779491162855,0.7740055103570602,0.7730528189938738,0.772101300259075,4609.34,4582.42,2013-10-10,17084.76
M1,2013-11-10,2013-12-10,9,106,1.0,100.0,0.0022140975855859946,0.34779491162855,0.347409885691492,0.3470248597544341,0.772101300259075,0.7711509527093238,0.7702017749030569,4582.42,4555.63,2013-11-10,17064.65
M1,2013-12-10,2014-01-10,9,107,1.0,100.0,0.0022140975855859946,0.3470248597544341,0.34664068630237377,0.3462565128503135,0.7702017749030569,0.7692537654004857,0.7683069227635936,4555.63,4528.97,2013-12-10,17044.46
M1,2014-01-10,2014-02-10,9,108,1.0,100.0,0.0022140975855859946,0.3462565128503135,0.3458731899957659,0.3454898671412182,0.7683069227635936,0.7673612455561334,0.7664167323436267,4528.97,4502.43,2014-01-10,17024.2
M1,2014-02-10,2014-03-10,10,109,1.0,100.0,0.0018215556699081592,0.3454898671412182,0.34517520262802476,0.3448605381148313,0.7664167323436267,0.7654733816933601,0.7645311921743837,4502.43,4476.01,2014-02-10,17003.83
M1,2014-03-10,2014-04-10,10,110,1.0,100.0,0.0018215556699081592,0.3448605381148313,0.344546446780566,0.34423235544630065,0.7645311921743837,0.7635901623575093,0.7626502908153074,4476.01,4449.7,2014-03-10,16976.66
M1,2014-04-10,2014-05-10,10,111,1.0,100.0,0.0018215556699081592,0.34423235544630065,0.34391883624688613,0.3436053170474716,0.7626502908153074,0.7617115761221056,0.7607740168539865,4449.7,4423.5,2014-04-10,16949.37
M1,2014-05-10,2014-06-10,10,112,1.0,100.0,0.0018215556699081592,0.3436053170474716,0.3432923689407324,0.3429794208339932,0.7607740168539865,0.7598376115887848,0.7589023589060865,4423.5,4397.41,2014-05-10,16921.95
M1,2014-06-10,2014-07-10,10,113,1.0,100.0,0.0018215556699081592,0.3429794208339932,0.3426670427796522,0.34235466472531123,0.7589023589060865,0.7579682573872251,0.7570353056152809,4397.41,4371.44,2014-06-10,16894.41
M1,2014-07-10,2014-08-10,10,114,1.0,100.0,0.0018215556699081592,0.34235466472531123,0.34204285568498627,0.3417310466446613,0.7570353056152809,0.7561035021750778,0.7551728456531819,4371.44,4345.58,2014-07-10,16866.78
M1,2014-08-10,2014-09-10,10,115,1.0,100.0,0.0018215556699081592,0.3417310466446613,0.3414198055818617,0.3411085645190621,0.7551728456531819,0.7542433346378988,0.7533149677192721,4345.58,4319.83,2014-08-10,16839.03
M1,2014-09-10,2014-10-10,10,116,1.0,100.0,0.0018215556699081592,0.3411085645190621,0.3407978903991851,0.34048721627930817,0.7533149677192721,0.7523877434890801,0.7514616605408351,4319.83,4294.19,2014-09-10,16811.15
M1,2014-10-10,2014-11-10,10,117,1.0,100.0,0.0018215556699081592,0.34048721627930817,0.34017710806963575,0.3398669998599633,0.7514616605408351,0.7505367174697805,0.7496129128728882,4294.19,4268.66,2014-10-10,16783.16
M1,2014-11-10,2014-12-10,10,118,1.0,100.0,0.0018215556699081592,0.3398669998599633,0.3395574565296585,0.3392479131993537,0.7496129128728882,0.7486902453488579,0.7477687134981135,4268.66,4243.23,2014-11-10,16755.04
M1,2014-12-10,2015-01-10,10,119,1.0,100.0,0.0018215556699081592,0.3392479131993537,0.3389389337194573,0.33862995423956094,0.7477687134981135,0.7468483159228017,0.7459290512267898,4243.23,4217.92,2014-12-10,16726.77
M1,2015-01-10,2015-02-10,10,120,1.0,100.0,0.0018215556699081592,0.33862995423956094,0.338321537582988,0.3380131209264151,0.7459290512267898,0.7450109180156635,0.7440939148967249,4217.92,4192.71,2015-01-10,16698.42
M1,2015-02-10,2015-03-10,11,121,1.0,100.0,0.0014306484624432292,0.3380131209264151,0.3377713319505456,0.3375295429746761,0.7440939148967249,0.7431780404789904,0.7422632933731882,4192.71,4167.61,2015-02-10,16669.92
M1,2015-03-10,2015-04-10,11,122,1.0,100.0,0.0014306484624432292,0.3375295429746761,0.33728809991383313,0.3370466568529902,0.7422632933731882,0.7413496721917566,0.7404371755488421,4167.61,4142.61,2015-03-10,16634.79
M1,2015-04-10,2015-05-10,11,123,1.0,100.0,0.0014306484624432292,0.3370466568529902,0.336805559212291,0.3365644615715918,0.7404371755488421,0.7395258020602967,0.7386155503436761,4142.61,4117.7,2015-04-10,16599.53
M1,2015-05-10,2015-06-10,11,124,1.0,100.0,0.0014306484624432292,0.3365644615715918,0.3363237088568616,0.3360829561421314,0.7386155503436761,0.7377064190182377,0.7367984067049382,4117.7,4092.89,2015-05-10,16564.11
M1,2015-06-10,2015-07-10,11,125,1.0,100.0,0.0014306484624432292,0.3360829561421314,0.3358425478599023,0.33560213957767326,0.7367984067049382,0.7358915120264322,0.7349857336070689,4092.89,4068.17,2015-06-10,16528.56
M1,2015-07-10,2015-08-10,11,126,1.0,100.0,0.0014306484624432292,0.33560213957767326,0.3353620752351836,0.33512201089269383,0.7349857336070689,0.734081070072891,0.733177520051633,4068.17,4043.56,2015-07-10,16492.84
M1,2015-08-10,2015-09-10,11,127,1.0,100.0,0.0014113364291422625,0.33512201089269383,0.3348855259416037,0.33464904099051357,0.733177520051633,0.7322750821727174,0.7313737550672543,4043.56,4019.03,2015-08-10,16457.04
M1,2015-09-10,2015-10-10,11,128,1.0,100.0,0.0014113364291422625,0.33464904099051357,0.3344128897992499,0.33417673860798613,0.7313737550672543,0.7304735373680389,0.7295744277095486,4019.03,3994.61,2015-09-10,16420.72
M1,2015-10-10,2015-11-10,11,129,1.0,100.0,0.0014113364291422625,0.33417673860798613,0.3339409207055014,0.33370510280301674,0.7295744277095486,0.728676424727942,0.7277795270610565,3994.61,3970.27,2015-10-10,16384.33
M1,2015-11-10,2015-12-10,11,130,1.0,100.0,0.0014113364291422625,0.33370510280301674,0.33346961771892847,0.3332341326348402,0.7277795270610565,0.7268837333484058,0.7259890422311781,3970.27,3946.03,2015-11-10,16347.73
M1,2015-12-10,2016-01-10,11,131,1.0,100.0,0.0014113364291422625,0.3332341326348402,0.3329989798994296,0.33276382716401903,0.7259890422311781,0.7250954523522347,0.7242029623561065,3946.03,3921.89,2015-12-10,16311.01
M1,2016-01-10,2016-02-10,11,132,1.0,100.0,0.0014113364291422625,0.33276382716401903,0.33252900630823035,0.33229418545244166,0.7242029623561065,0.7233115708889937,0.7224212765987621,3921.89,3897.83,2016-01-10,16274.18
M1,2016-02-10,2016-03-10,12,133,1.0,100.0,0.0014113364291422625,0.33229418545244166,0.3320596960078811,0.3318252065633205,0.7224212765987621,0.7215320781349421,0.7206439741487263,3897.83,3873.88,2016-02-10,16237.14
M1,2016-03-10,2016-04-10,12,134,1.0,100.0,0.0014113364291422625,0.3318252065633205,0.33159104806225526,0.33135688956119,0.7206439741487263,0.7197569632929676,0.7188710442221768,3873.88,3850.01,2016-03-10,16200.04
M1,2016-04-10,2016-05-10,12,135,1.0,100.0,0.0014113364291422625,0.33135688956119,0.3311230615365475,0.330889233511905,0.7188710442221768,0.7179862155925211,0.7171024760618214,3850.01,3826.23,2016-04-10,16162.74
M1,2016-05-10,2016-06-10,12,136,1.0,100.0,0.0014113364291422625,0.330889233511905,0.3306557354972719,0.3304222374826387,0.7171024760618214,0.7162198242895511,0.7153382589368333,3826.23,3802.55,2016-05-10,16125.28
M1,2016-06-10,2016-07-10,12,137,1.0,100.0,0.0014113364291422625,0.3304222374826387,0.33018906901225975,0.3299559005418808,0.7153382589368333,0.714457778666439,0.7135783821427852,3802.55,3778.96,2016-06-10,16087.71
M1,2016-07-10,2016-08-10,12,138,1.0,100.0,0.0014113364291422625,0.3299559005418808,0.3297230611506582,0.3294902217594356,0.7135783821427852,0.7127000680319331,0.7118228350015853,3778.96,3755.46,2016-07-10,16049.99
M1,2016-08-10,2016-09-10,12,139,1.0,100.0,0.0014113364291422625,0.3294902217594356,0.329257710982928,0.32902520020642034,0.7118228350015853,0.7109466817210849,0.7100716068614119,3755.46,3732.05,2016-08-10,16012.11
M1,2016-09-10,2016-10-10,12,140,1.0,100.0,0.0013920285032665847,0.32902520020642034,0.32879619397793014,0.32856718774944,0.7100716068614119,0.7091976090951834,0.7083246870966492,3732.05,3708.74,2016-09-10,15974.09
M1,2016-10-10,2016-11-10,12,141,1.0,100.0,0.0013920285032665847,0.32856718774944,0.32833850030414735,0.32810981285885465,0.7083246870966492,0.7074528395416914,0.7065820651078218,3708.74,3685.51,2016-10-10,15935.65
M1,2016-11-10,2016-12-10,12,142,1.0,100.0,0.0013920285032665847,0.32810981285885465,0.32788144375300415,0.32765307464715365,0.7065820651078218,0.7057123624741803,0.7048437303215321,3685.51,3662.37,2016-11-10,15897.02
M1,2016-12-10,2017-01-10,12,143,1.0,100.0,0.0013920285032665847,0.32765307464715365,0.32742502343760777,0.3271969722280619,0.7048437303215321,0.7039761673322666,0.7031096721903947,3662.37,3639.32,2016-12-10,15858.25
M1,2017-01-10,2017-02-10,12,144,1.0,100.0,0.0013920285032665847,0.3271969722280619,0.32696923847229986,0.3267415047165379,0.7031096721903947,0.7022442435815472,0.7013798801929729,3639.32,3616.36,2017-01-10,15819.32
M1,2017-02-10,2017-03-10,13,145,1.0,100.0,0.0013920285032665847,0.3267415047165379,0.3265140879726551,0.32628667122877225,0.7013798801929729,0.700516580713536,0.6996543438337148,3616.36,3593.48,2017-02-10,15780.26
M1,2017-03-10,2017-04-10,13,146,1.0,100.0,0.0013920285032665847,0.32628667122877225,0.326059571055479,0.3258324708821858,0.6996543438337148,0.6987931682455996,0.6979330526428902,3593.48,3570.7,2017-03-10,15741.0
M1,2017-04-10,2017-05-10,13,147,1.0,100.0,0.0013920285032665847,0.3258324708821858,0.3256056868388069,0.325378902795428,0.6979330526428902,0.6970739957208942,0.6962159961765256,3570.7,3548.0,2017-04-10,15701.65
M1,2017-05-10,2017-06-10,13,148,1.0,100.0,0.0013920285032665847,0.325378902795428,0.3251524344419016,0.3249259660883752,0.6962159961765256,0.6953590527083021,0.694503164016343,3548.0,3525.39,2017-05-10,15662.11
M1,2017-06-10,2017-07-10,13,149,1.0,100.0,0.0013920285032665847,0.3249259660883752,0.32469981298525197,0.3244736598821288,0.694503164016343,0.6936483288023678,0.6927945457696945,3525.39,3502.87,2017-06-10,15622.43
M1,2017-07-10,2017-08-10,13,150,1.0,100.0,0.0013920285032665847,0.3244736598821288,0.3242478215905712,0.32402198329901366,0.6927945457696945,0.6919418136232359,0.6910901310695002,3502.87,3480.43,2017-07-10,15582.61
M1,2017-08-10,2017-09-10,13,151,1.0,100.0,0.0013727247549020216,0.32402198329901366,0.32379958680021015,0.32357719030140664,0.6910901310695002,0.6902394968165871,0.6893899095741863,3480.43,3458.08,2017-08-10,15542.6
M1,2017-09-10,2017-10-10,13,152,1.0,100.0,0.0013727247549020216,0.32357719030140664,0.32335509909178245,0.32313300788215826,0.6893899095741863,0.688541368053576,0.6876938709676205,3458.08,3435.82,2017-09-10,15502.16
M1,2017-10-10,2017-11-10,13,153,1.0,100.0,0.0013727247549020216,0.32313300788215826,0.3229112215426354,0.3226894352031125,0.6876938709676205,0.6868474170307682,0.6860020049590503,3435.82,3413.64,2017-10-10,15461.58
M1,2017-11-10,2017-12-10,13,154,1.0,100.0,0.0013727247549020216,0.3226894352031125,0.3224679533151882,0.3222464714272638,0.6860020049590503,0.685157633470078,0.6843143012830408,3413.64,3391.55,2017-11-10,15420.82
M1,2017-12-10,2018-01-10,13,155,1.0,100.0,0.0013727247549020216,0.3222464714272638,0.3220252935730098,0.3218041157187558,0.6843143012830408,0.6834720071187055,0.6826307496994123,3391.55,3369.54,2017-12-10,15379.93
M1,2018-01-10,2018-02-10,13,156,1.0,100.0,0.0013727247549020216,0.3218041157187558,0.3215832414808175,0.3213623672428793,0.6826307496994123,0.6817905277490749,0.6809513399931775,3369.54,3347.61,2018-01-10,15338.86
M1,2018-02-10,2018-03-10,14,157,1.0,100.0,0.0013727247549020216,0.3213623672428793,0.3211417962044752,0.3209212251660711,0.6809513399931775,0.6801131851587727,0.6792760619744803,3347.61,3325.77,2018-02-10,15297.62
M1,2018-03-10,2018-04-10,14,158,1.0,100.0,0.0013727247549020216,0.3209212251660711,0.3207009569109916,0.3204806886559121,0.6792760619744803,0.678439969170485,0.6776049054785341,3325.77,3304.01,2018-03-10,15256.24
M1,2018-04-10,2018-05-10,14,159,1.0,100.0,0.0013727247549020216,0.3204806886559121,0.32026072276851913,0.3200407568811261,0.6776049054785341,0.6767708696319361,0.6759378603655589,3304.01,3282.34,2018-04-10,15214.68
M1,2018-05-10,2018-06-10,14,160,1.0,100.0,0.0013727247549020216,0.3200407568811261,0.31982109294635197,0.3196014290115778,0.6759378603655589,0.6751058764158272,0.6742749165207212,3282.34,3260.75,2018-05-10,15173.0
M1,2018-06-10,2018-07-10,14,161,1.0,100.0,0.0013727247549020216,0.3196014290115778,0.31938206661492463,0.31916270421827153,0.6742749165207212,0.6734449794197747,0.6726160638540722,3260.75,3239.24,2018-06-10,15131.14
M1,2018-07-10,2018-08-10,14,162,1.0,100.0,0.0013727247549020216,0.31916270421827153,0.31894364294581057,0.31872458167334966,0.6726160638540722,0.6717881685662485,0.6709612923004857,3239.24,3217.81,2018-07-10,15089.11
M1,2018-08-10,2018-09-10,14,163,1.0,100.0,0.0013727247549020216,0.31872458167334966,0.31850582111172027,0.3182870605500909,0.6709612923004857,0.6701354338025118,0.6693105918195985,3217.81,3196.47,2018-08-10,15046.91
M1,2018-09-10,2018-10-10,14,164,1.0,100.0,0.001353425038384426,0.3182870605500909,0.31807167171151973,0.3178562828729486,0.6693105918195985,0.6684867651005593,0.667663952395748,3196.47,3175.21,2018-09-10,15004.58
M1,2018-10-10,2018-11-10,14,165,1.0,100.0,0.001353425038384426,0.3178562828729486,0.3176411855470246,0.3174260882211005,0.667663952395748,0.6668421524570566,0.6660213640379129,3175.21,3154.02,2018-10-10,14961.8
M1,2018-11-10,2018-12-10,14,166,1.0,100.0,0.001353425038384426,0.3174260882211005,0.3172112820132831,0.31699647580546564,0.6660213640379129,0.6652015858932795,0.6643828167796514,3154.02,3132.92,2018-11-10,14918.79
M1,2018-12-10,2019-01-10,14,167,1.0,100.0,0.001353425038384426,0.31699647580546564,0.31678196032174827,0.3165674448380309,0.6643828167796514,0.6635650554550538,0.6627483006790411,3132.92,3111.9,2018-12-10,14875.67
M1,2019-01-10,2019-02-10,14,168,1.0,100.0,0.001353425038384426,0.3165674448380309,0.31635321968494035,0.31613899453184974,0.6627483006790411,0.6619325512126941,0.6611178058186189,3111.9,3090.96,2019-01-10,14832.38
M1,2019-02-10,2019-03-10,15,169,1.0,100.0,0.001353425038384426,0.31613899453184974,0.3159250593164452,0.31571112410104063,0.6611178058186189,0.6603040632609445,0.6594913223053208,3090.96,3070.1,2019-02-10,14788.92
M1,2019-03-10,2019-04-10,15,170,1.0,100.0,0.001353425038384426,0.31571112410104063,0.31549747843091325,0.3152838327607858,0.6594913223053208,0.6586795817189175,0.6578688402704215,3070.1,3049.32,2019-03-10,14745.3
M1,2019-04-10,2019-05-10,15,171,1.0,100.0,0.001353425038384426,0.3152838327607858,0.3150704762440577,0.31485711972732955,0.6578688402704215,0.657059096730035,0.6562503498694746,3049.32,3028.62,2019-04-10,14701.51
M1,2019-05-10,2019-06-10,15,172,1.0,100.0,0.001353425038384426,0.31485711972732955,0.31464405197265327,0.314430984217977,0.6562503498694746,0.6554425984619682,0.6546358412822536,3028.62,3007.99,2019-05-10,14657.56
M1,2019-06-10,2019-07-10,15,173,1.0,100.0,0.001353425038384426,0.314430984217977,0.3142182048345348,0.3140054254510925,0.6546358412822536,0.6538300771065773,0.6530253047126915,3007.99,2987.45,2019-06-10,14613.4
M1,2019-07-10,2019-08-10,15,174,1.0,100.0,0.001353425038384426,0.3140054254510925,0.31379293404859543,0.3135804426460984,0.6530253047126915,0.6522215228798529,0.6514187303888211,2987.45,2966.98,2019-07-10,14569.13
M1,2019-08-10,2019-09-10,15,175,1.0,100.0,0.0013341294238174983,0.3135804426460984,0.3133712641984645,0.31316208575083054,0.6514187303888211,0.6506169260218561,0.6498161085627169,2966.98,2946.6,2019-08-10,14524.64
M1,2019-09-10,2019-10-10,15,176,1.0,100.0,0.0013341294238174983,0.31316208575083054,0.31295318637431846,0.3127442869978063,0.6498161085627169,0.6490162767966595,0.6482174295104349,2946.6,2926.28,2019-09-10,14479.77
M1,2019-10-10,2019-11-10,15,177,1.0,100.0,0.0013341294238174983,0.3127442869978063,0.312535666320099,0.3123270456423917,0.6482174295104349,0.6474195654922879,0.6466226835319543,2926.28,2906.05,2019-10-10,14434.63
M1,2019-11-10,2019-12-10,15,178,1.0,100.0,0.0013341294238174983,0.3123270456423917,0.31211870329166896,0.3119103609409462,0.6466226835319543,0.6458267824206597,0.6450318609511178,2906.05,2885.89,2019-11-10,14389.4
M1,2019-12-10,2020-01-10,15,179,1.0,100.0,0.0013341294238174983,0.3119103609409462,0.3117022965458838,0.31149423215082134,0.6450318609511178,0.6442379179175279,0.6434449521155738,2885.89,2865.81,2019-12-10,14343.95
M1,2020-01-10,2020-02-10,15,180,1.0,100.0,0.0013341294238174983,0.31149423215082134,0.3112864453405904,0.3110786585303595,0.6434449521155738,0.6426529623424214,0.6418619473967174,2865.81,2845.81,2020-01-10,14298.35
M1,2020-02-10,2020-03-10,16,181,1.0,100.0,0.0013341294238174983,0.3110786585303595,0.310871148934626,0.31066363933889246,0.6418619473967174,0.6410719060785869,0.6402828371896317,2845.81,2825.88,2020-02-10,14252.6
M1,2020-03-10,2020-04-10,16,182,1.0,100.0,0.0013341294238174983,0.31066363933889246,0.31045640658781637,0.3102491738367402,0.6402828371896317,0.6394947395329296,0.6387076119130305,2825.88,2806.02,2020-03-10,14206.64
M1,2020-04-10,2020-05-10,16,183,1.0,100.0,0.0013341294238174983,0.3102491738367402,0.3100422175609749,0.30983526128520955,0.6387076119130305,0.6379214531359564,0.6371362620091986,2806.02,2786.25,2020-04-10,14160.48
M1,2020-05-10,2020-06-10,16,184,1.0,100.0,0.0013341294238174983,0.30983526128520955,0.3096285811159012,0.3094219009465928,0.6371362620091986,0.6363520373417166,0.6355687779439356,2786.25,2766.54,2020-05-10,14114.22
M1,2020-06-10,2020-07-10,16,185,1.0,100.0,0.0013341294238174983,0.3094219009465928,0.3092154965153796,0.3090090920841664,0.6355687779439356,0.634786482627745,0.6340051502064965,2766.54,2746.91,2020-06-10,14067.71
M1,2020-07-10,2020-08-10,16,186,1.0,100.0,0.0013341294238174983,0.3090090920841664,0.3088029630231781,0.3085968339621898,0.6340051502064965,0.6332247794950028,0.6324453693095351,2746.91,2727.36,2020-07-10,14021.05
M1,2020-08-10,2020-09-10,16,187,1.0,100.0,0.0013341294238174983,0.3085968339621898,0.30839097990404685,0.3081851258459039,0.6324453693095351,0.6316669184678214,0.6308894257890455,2727.36,2707.88,2020-08-10,13974.23
M1,2020-09-10,2020-10-10,16,188,1.0,100.0,0.0013148379812444322,0.3081851258459039,0.3079825190915455,0.3077799123371871,0.6308894257890455,0.6301128900938441,0.6293373102043058,2707.88,2688.47,2020-09-10,13927.22
M1,2020-10-10,2020-11-10,16,189,1.0,100.0,0.0013148379812444322,0.3077799123371871,0.3075775719778846,0.3073752316185821,0.6293373102043058,0.6285626849439688,0.6277890131378197,2688.47,2669.14,2020-10-10,13879.74
M1,2020-11-10,2020-12-10,16,190,1.0,100.0,0.0013148379812444322,0.3073752316185821,0.30717315730406913,0.30697108298955617,0.6277890131378197,0.627016293612291,0.62624452519526,2669.14,2649.88,2020-11-10,13832.12
M1,2020-12-10,2021-01-10,16,191,1.0,100.0,0.0013148379812444322,0.30697108298955617,0.306769274370027,0.30656746575049776,0.62624452519526,0.6254737067160465,0.6247038370054115,2649.88,2630.69,2020-12-10,13784.3
M1,2021-01-10,2021-02-10,16,192,1.0,100.0,0.0013148379812444322,0.30656746575049776,0.30636592247660643,0.30616437920271516,0.6247038370054115,0.6239349148955547,0.6231669392201139,2630.69,2611.58,2021-01-10,13736.29
M1,2021-02-10,2021-03-10,17,193,1.0,100.0,0.0013148379812444322,0.30616437920271516,0.3059631009255752,0.3057618226484353,0.6231669392201139,0.6223999088141619,0.6216338225142056,2611.58,2592.53,2021-02-10,13688.13
M1,2021-03-10,2021-04-10,17,194,1.0,100.0,0.0013148379812444322,0.3057618226484353,0.305560809019619,0.30535979539080266,0.6216338225142056,0.620868679158184,0.6201044775854664,2592.53,2573.56,2021-03-10,13639.73
M1,2021-04-10,2021-05-10,17,195,1.0,100.0,0.0013148379812444322,0.30535979539080266,0.30515904606234023,0.3049582967338778,0.6201044775854664,0.6193412166368508,0.6185788951545618,2573.56,2554.66,2021-04-10,13591.19
M1,2021-05-10,2021-06-10,17,196,1.0,100.0,0.0013148379812444322,0.3049582967338778,0.3047578113582572,0.3045573259826365,0.6185788951545618,0.6178175119822491,0.6170570659649861,2554.66,2535.83,2021-05-10,13542.46
M1,2021-06-10,2021-07-10,17,197,1.0,100.0,0.0013148379812444322,0.3045573259826365,0.3043571042128024,0.3041568824429683,0.6170570659649861,0.6162975559492669,0.6155389807830063,2535.83,2517.08,2021-06-10,13493.54
M1,2021-07-10,2021-08-10,17,198,1.0,100.0,0.0013148379812444322,0.3041568824429683,0.3039569239323218,0.30375696542167535,0.6155389807830063,0.6147813393155367,0.6140246303976068,2517.08,2498.39,2021-07-10,13444.47
M1,2021-08-10,2021-09-10,17,199,1.0,100.0,0.0012955505650970034,0.30375696542167535,0.30356019916757326,0.3033634329134712,0.6140246303976068,0.61326885288138,0.6125140056204326,2498.39,2479.77,2021-08-10,13395.17
M1,2021-09-10,2021-10-10,17,200,1.0,100.0,0.0012955505650970034,0.3033634329134712,0.3031669215800008,0.3029704102465304,0.6125140056204326,0.6117600874697515,0.6110070972857337,2479.77,2461.23,2021-09-10,13345.42
M1,2021-10-10,2021-11-10,17,201,1.0,100.0,0.0012955505650970034,0.3029704102465304,0.30277415350342907,0.3025778967603278,0.6110070972857337,0.6102550339261833,0.6095038962503103,2461.23,2442.75,2021-10-10,13295.53
M1,2021-11-10,2021-12-10,17,202,1.0,100.0,0.0012955505650970034,0.3025778967603278,0.30238189427776097,0.3021858917951941,0.6095038962503103,0.608753683118729,0.6080043933934564,2442.75,2424.34,2021-11-10,13245.41
M1,2021-12-10,2022-01-10,17,203,1.0,100.0,0.0012955505650970034,0.3021858917951941,0.3019901432437543,0.3017943946923145,0.6080043933934564,0.6072560259379093,0.6065085796169043,2424.34,2406.0,2021-12-10,13195.1
M1,2022-01-10,2022-02-10,17,204,1.0,100.0,0.0012955505650970034,0.3017943946923145,0.3015988997430211,0.3014034047937278,0.6065085796169043,0.6057620532966552,0.6050164458447708,2406.0,2387.73,2022-01-10,13144.6
M1,2022-02-10,2022-03-10,18,205,1.0,100.0,0.0012955505650970034,0.3014034047937278,0.30120816311802645,0.3010129214423251,0.6050164458447708,0.6042717561302543,0.6035279830235005,2387.73,2369.53,2022-02-10,13093.93
M1,2022-03-10,2022-04-10,18,206,1.0,100.0,0.0012955505650970034,0.3010129214423251,0.30081793271208707,0.300622943981849,0.6035279830235005,0.6027851253962951,0.6020431821218121,2369.53,2351.4,2022-03-10,13043.07
M1,2022-04-10,2022-05-10,18,207,1.0,100.0,0.0012955505650970034,0.300622943981849,0.30042820786937063,0.3002334717568922,0.6020431821218121,0.6013021520746125,0.6005620341306425,2351.4,2333.34,2022-04-10,12992.02
M1,2022-05-10,2022-06-10,18,208,1.0,100.0,0.0012955505650970034,0.3002334717568922,0.30003898793489436,0.29984450411289654,0.6005620341306425,0.5998228271672321,0.5990845300630933,2333.34,2315.34,2022-05-10,12940.8
M1,2022-06-10,2022-07-10,18,209,1.0,100.0,0.0012955505650970034,0.29984450411289654,0.29965027225452423,0.29945604039615187,0.5990845300630933,0.5983471416983174,0.597610660954375,2315.34,2297.41,2022-06-10,12889.34
M1,2022-07-10,2022-08-10,18,210,1.0,100.0,0.0012955505650970034,0.29945604039615187,0.29926206017497337,0.2990680799537949,0.597610660954375,0.5968750867141133,0.5961404178617541,2297.41,2279.55,2022-07-10,12837.7
M1,2022-08-10,2022-09-10,18,211,1.0,100.0,0.0012955505650970034,0.2990680799537949,0.2988743510438016,0.2986806221338083,0.5961404178617541,0.5954066532828932,0.5946737918644976,2279.55,2261.75,2022-08-10,12785.88
M1,2022-09-10,2022-10-10,18,212,1.0,100.0,0.00127626724543628,0.2986806221338083,0.29849002398637037,0.2982994258389324,0.5946737918644976,0.5939418324949044,0.5932107740638192,2261.75,2244.02,2022-09-10,12733.82
M1,2022-10-10,2022-11-10,18,213,1.0,100.0,0.00127626724543628,0.2982994258389324,0.2981090709456671,0.2979187160524017,0.5932107740638192,0.5924806154623139,0.5917513555828255,2244.02,2226.36,2022-10-10,12681.34
M1,2022-11-10,2022-12-10,18,214,1.0,100.0,0.00127626724543628,0.2979187160524017,0.2977286041028517,0.29753849215330164,0.5917513555828255,0.5910229933191544,0.5902955275664624,2226.36,2208.76,2022-11-10,12628.69
M1,2022-12-10,2023-01-10,18,215,1.0,100.0,0.00127626724543628,0.29753849215330164,0.29734862283740576,0.2971587535215099,0.5902955275664624,0.5895689572212711,0.5888432811814605,2208.76,2191.23,2022-12-10,12575.81
M1,2023-01-10,2023-02-10,18,216,1.0,100.0,0.00127626724543628,0.2971587535215099,0.29696912652960283,0.2967794995376957,0.5888432811814605,0.5881184983462672,0.5873946076162823,2191.23,2173.77,2023-01-10,12522.75
M1,2023-02-10,2023-03-10,19,217,1.0,100.0,0.00127626724543628,0.2967794995376957,0.29659011456050727,0.2964007295833188,0.5873946076162823,0.5866716078934507,0.5859494980810686,2173.77,2156.37,2023-02-10,12469.52
M1,2023-03-10,2023-04-10,19,218,1.0,100.0,0.00127626724543628,0.2964007295833188,0.29621158631197353,0.2960224430406282,0.5859494980810686,0.5852282770837817,0.5845079438075845,2156.37,2139.03,2023-03-10,12416.06
M1,2023-04-10,2023-05-10,19,219,1.0,100.0,0.00127626724543628,0.2960224430406282,0.29583354116664484,0.29564463929266144,0.5845079438075845,0.583788497159818,0.5830699360491675,2139.03,2121.76,2023-04-10,12362.37
M1,2023-05-10,2023-06-10,19,220,1.0,100.0,0.00127626724543628,0.29564463929266144,0.2954559785079524,0.2952673177232434,0.5830699360491675,0.5823522593856623,0.5816354660806731,2121.76,2104.56,2023-05-10,12308.51
M1,2023-06-10,2023-07-10,19,221,1.0,100.0,0.00127626724543628,0.2952673177232434,0.2950788977201144,0.2948904777169854,0.5816354660806731,0.5809195550469101,0.5802045251984224,2104.56,2087.41,2023-06-10,12254.48
M1,2023-07-10,2023-08-10,19,222,1.0,100.0,0.00127626724543628,0.2948904777169854,0.29470229818813476,0.2945141186592842,0.5802045251984224,0.5794903754505955,0.5787771047201496,2087.41,2070.34,2023-07-10,12200.17
M1,2023-08-10,2023-09-10,19,223,1.0,100.0,0.0012569880922636,0.2945141186592842,0.29432901828920505,0.2941439179191259,0.5787771047201496,0.578064711925139,0.5773531959849492,2070.34,2053.32,2023-08-10,12145.75
M1,2023-09-10,2023-10-10,19,224,1.0,100.0,0.0012569880922636,0.2941439179191259,0.29395905021800783,0.2937741825168898,0.5773531959849492,0.5766425558202956,0.5759327903532224,2053.32,2036.37,2023-09-10,12090.8
M1,2023-10-10,2023-11-10,19,225,1.0,100.0,0.0012569880922636,0.2937741825168898,0.2935895471922707,0.2934049118676516,0.5759327903532224,0.5752238985071009,0.5745158792066267,2036.37,2019.48,2023-10-10,12035.7
M1,2023-11-10,2023-12-10,19,226,1.0,100.0,0.0012569880922636,0.2934049118676516,0.293220508627437,0.2930361053872223,0.5745158792066267,0.5738087313778198,0.5731024539480217,2019.48,2002.66,2023-11-10,11980.37
M1,2023-12-10,2024-01-10,19,227,1.0,100.0,0.0012569880922636,0.2930361053872223,0.2928519339396848,0.29266776249214727,0.5731024539480217,0.5723970458458942,0.571692506001418,2002.66,1985.9,2023-12-10,11924.87
M1,2024-01-10,2024-02-10,19,228,1.0,100.0,0.0012569880922636,0.29266776249214727,0.2924838225459262,0.2922998825997052,0.571692506001418,0.5709888333458903,0.5702860268119245,1985.9,1969.2,2024-01-10,11869.16
M1,2024-02-10,2024-03-10,20,229,1.0,100.0,0.0012569880922636,0.2922998825997052,0.2921161738638063,0.2919324651279073,0.5702860268119245,0.5695840853334473,0.5688830078456976,1969.2,1952.56,2024-02-10,11813.22
M1,2024-03-10,2024-04-10,20,230,1.0,100.0,0.0012569880922636,0.2919324651279073,0.29174898731170185,0.29156550949549637,0.5688830078456976,0.5681827932852249,0.5674834405898879,1952.56,1935.98,2024-03-10,11757.07
M1,2024-04-10,2024-05-10,20,231,1.0,100.0,0.0012569880922636,0.29156550949549637,0.29138226230872105,0.29119901512194574,0.5674834405898879,0.5667849486988523,0.5660873165525897,1935.98,1919.47,2024-04-10,11700.69
M1,2024-05-10,2024-06-10,20,232,1.0,100.0,0.0012569880922636,0.29119901512194574,0.29101599827470215,0.29083298142745856,0.5660873165525897,0.565390543092876,0.5646946272627893,1919.47,1903.01,2024-05-10,11644.16
M1,2024-06-10,2024-07-10,20,233,1.0,100.0,0.0012569880922636,0.29083298142745856,0.29065019463021263,0.2904674078329667,0.5646946272627893,0.5639995680067088,0.5633053642703129,1903.01,1886.62,2024-06-10,11587.34
M1,2024-07-10,2024-08-10,20,234,1.0,100.0,0.0012569880922636,0.2904674078329667,0.2902848507965483,0.29010229376012997,0.5633053642703129,0.562612015000578,0.5619195191457764,1886.62,1870.29,2024-07-10,11530.37
M1,2024-08-10,2024-09-10,20,235,1.0,100.0,0.0012569880922636,0.29010229376012997,0.28991996619573257,0.2897376386313351,0.5619195191457764,0.5612278756554747,0.5605370834805331,1870.29,1854.02,2024-08-10,11473.18
M1,2024-09-10,2024-10-10,20,236,1.0,100.0,0.0012377129601059966,0.2897376386313351,0.2895583326161528,0.2893790266009706,0.5605370834805331,0.5598471415731024,0.5591580488866237,1854.02,1837.81,2024-09-10,11415.77
M1,2024-10-10,2024-11-10,20,237,1.0,100.0,0.0012377129601059966,0.2893790266009706,0.2891999425151671,0.2890208584293637,0.5591580488866237,0.558469804375826,0.557782406996725,1837.81,1821.65,2024-10-10,11357.92
M1,2024-11-10,2024-12-10,20,238,1.0,100.0,0.0012377129601059966,0.2890208584293637,0.2888419959982542,0.28866313356714474,0.557782406996725,0.5570958557066212,0.5564101494640988,1821.65,1805.56,2024-11-10,11299.8
M1,2024-12-10,2025-01-10,20,239,1.0,100.0,0.0012377129601059966,0.28866313356714474,0.2884844925163843,0.2883058514656239,0.5564101494640988,0.5557252872290235,0.5550412679625417,1805.56,1789.53,2024-12-10,11241.53
M1,2025-01-10,2025-02-10,20,240,1.0,100.0,0.0012377129601059966,0.2883058514656239,0.2881274315212072,0.2879490115767905,0.5550412679625417,0.554358090627078,0.5536757541863345,1789.53,1773.56,2025-01-10,11183.05
M1,2025-02-10,2025-03-10,21,241,1.0,100.0,0.0012377129601059966,0.2879490115767905,0.2877708124650513,0.28759261335331215,0.5536757541863345,0.5529942576052885,0.5523135998501918,1773.56,1757.65,2025-02-10,11124.35
M1,2025-03-10,2025-04-10,21,242,1.0,100.0,0.0012377129601059966,0.28759261335331215,0.2874146348009231,0.287236656248534,0.5523135998501918,0.5516337798885679,0.5509547966892115,1757.65,1741.79,2025-03-10,11065.45
M1,2025-04-10,2025-05-10,21,243,1.0,100.0,0.0012377129601059966,0.287236656248534,0.28705889798250583,0.28688113971647766,0.5509547966892115,0.5502766492221867,0.549599336458825,1741.79,1725.99,2025-04-10,11006.26
M1,2025-05-10,2025-06-10,21,244,1.0,100.0,0.0012377129601059966,0.28688113971647766,0.28670360146415913,0.2865260632118406,0.549599336458825,0.5489228573717243,0.5482472109347469,1725.99,1710.26,2025-05-10,10946.87
M1,2025-06-10,2025-07-10,21,245,1.0,100.0,0.0012377129601059966,0.2865260632118406,0.28634874470091787,0.28617142618999514,0.5482472109347469,0.5475723961230182,0.5468984119129252,1710.26,1694.58,2025-06-10,10887.33
M1,2025-07-10,2025-08-10,21,246,1.0,100.0,0.0012377129601059966,0.28617142618999514,0.2859943271484915,0.2858172281069878,0.5468984119129252,0.5462252572821146,0.5455529312094916,1694.58,1678.96,2025-07-10,10827.52
M1,2025-08-10,2025-09-10,21,247,1.0,100.0,0.0012478028297929766,0.2858172281069878,0.28563890633397004,0.2854605845609523,0.5455529312094916,0.5448814326752182,0.5442107606607117,1678.96,1663.39,2025-08-10,10767.5
M1,2025-09-10,2025-10-10,21,248,1.0,100.0,0.0012478028297929766,0.2854605845609523,0.28528248529834754,0.2851043860357428,0.5442107606607117,0.5435409141486431,0.5428718921229356,1663.39,1647.88,2025-09-10,10707.32
M1,2025-10-10,2025-11-10,21,249,1.0,100.0,0.0012478028297929766,0.2851043860357428,0.2849265090059019,0.284748631976061,0.5428718921229356,0.5422036935687632,0.5415363174725485,1647.88,1632.44,2025-10-10,10646.93
M1,2025-11-10,2025-12-10,21,250,1.0,100.0,0.0012478028297929766,0.284748631976061,0.2845709769016813,0.2843933218273016,0.5415363174725485,0.5408697628219623,0.5402040286059211,1632.44,1617.04,2025-11-10,10586.39
M1,2025-12-10,2026-01-10,21,251,1.0,100.0,0.0012478028297929766,0.2843933218273016,0.2842158884314264,0.28403845503555125,0.5402040286059211,0.539539113814586,0.5388750174393608,1617.04,1601.71,2025-12-10,10525.52
M1,2026-01-10,2026-02-10,21,252,1.0,100.0,0.0012478028297929766,0.28403845503555125,0.28386124304156957,0.2836840310475879,0.5388750174393608,0.5382117384728913,0.5375492759090627,1601.71,1586.43,2026-01-10,10464.51
M1,2026-02-10,2026-03-10,22,253,1.0,100.0,0.0012478028297929766,0.2836840310475879,0.2835070401792338,0.28333004931087963,0.5375492759090627,0.5368876287429987,0.5362267959710599,1586.43,1571.21,2026-02-10,10403.22
M1,2026-03-10,2026-04-10,22,254,1.0,100.0,0.0012478028297929766,0.28333004931087963,0.2831532792922319,0.28297650927358414,0.5362267959710599,0.5355667765908425,0.5349075696011762,1571.21,1556.05,2026-03-10,10341.73
M1,2026-04-10,2026-05-10,22,255,1.0,100.0,0.0012478028297929766,0.28297650927358414,0.2827999598290659,0.28262341038454764,0.5349075696011762,0.534249174002123,0.5335915887949757,1556.05,1540.94,2026-04-10,10280.03
M1,2026-05-10,2026-06-10,22,256,1.0,100.0,0.0012478028297929766,0.28262341038454764,0.2824470812389258,0.28227075209330404,0.5335915887949757,0.5329348129822565,0.5322788455677154,1540.94,1525.89,2026-05-10,10218.06
M1,2026-06-10,2026-07-10,22,257,1.0,100.0,0.0012478028297929766,0.28227075209330404,0.2820946429716891,0.2819185338500742,0.5322788455677154,0.5316236855563283,0.5309693319542963,1525.89,1510.89,2026-06-10,10155.89
M1,2026-07-10,2026-08-10,22,258,1.0,100.0,0.0012478028297929766,0.2819185338500742,0.28174264447791963,0.281566755105765,0.5309693319542963,0.5303157837690433,0.5296630400092152,1510.89,1495.95,2026-07-10,10093.45
M1,2026-08-10,2026-09-10,22,259,1.0,100.0,0.0012478028297929766,0.281566755105765,0.2813910852088667,0.2812154153119684,0.5296630400092152,0.5290110996846779,0.5283599618065162,1495.95,1481.06,2026-08-10,10030.81
M1,2026-09-10,2026-10-10,22,260,1.0,100.0,0.0012578938208638313,0.2812154153119684,0.28103854574534215,0.2808616761787158,0.5283599618065162,0.5277096253870321,0.5270600894397434,1481.06,1466.23,2026-09-10,9967.9
M1,2026-10-10,2026-11-10,22,261,1.0,100.0,0.0012578938208638313,0.2808616761787158,0.2806850290952245,0.28050838201173317,0.5270600894397434,0.5264113529793817,0.5257634150218917,1466.23,1451.45,2026-10-10,9904.89
M1,2026-11-10,2026-12-10,22,262,1.0,100.0,0.0012578938208638313,0.28050838201173317,0.2803319571315166,0.2801555322513001,0.5257634150218917,0.5251162745844294,0.5244699306853603,1451.45,1436.73,2026-11-10,9841.6
M1,2026-12-10,2027-01-10,22,263,1.0,100.0,0.0012578938208638313,0.2801555322513001,0.2799793292948502,0.2798031263384003,0.5244699306853603,0.5238243823442582,0.5231796285819037,1436.73,1422.07,2026-12-10,9778.12
M1,2027-01-10,2027-02-10,22,264,1.0,100.0,0.0012578938208638313,0.2798031263384003,0.2796271450265606,0.27945116371472084,0.5231796285819037,0.5225356684202828,0.5218925008825851,1422.07,1407.46,2027-01-10,9714.44
M1,2027-02-10,2027-03-10,23,265,1.0,100.0,0.0012578938208638313,0.27945116371472084,0.27927540376868587,0.2790996438226509,0.5218925008825851,0.5212501249932026,0.5206085397777281,1407.46,1392.9,2027-02-10,9650.48
M1,2027-03-10,2027-04-10,23,266,1.0,100.0,0.0012578938208638313,0.2790996438226509,0.278924104963966,0.2787485661052811,0.5206085397777281,0.5199677442629539,0.5193277374768701,1392.9,1378.4,2027-03-10,9586.26
M1,2027-04-10,2027-05-10,23,267,1.0,100.0,0.0012578938208638313,0.2787485661052811,0.2785732480558418,0.2783979300064026,0.5193277374768701,0.518688518448663,0.5180500862087143,1378.4,1363.95,2027-04-10,9521.84
M1,2027-05-10,2027-06-10,23,268,1.0,100.0,0.0012578938208638313,0.2783979300064026,0.2782228324884545,0.2780477349705063,0.5180500862087143,0.5174124397885985,0.5167755782210829,1363.95,1349.55,2027-05-10,9457.16
M1,2027-06-10,2027-07-10,23,269,1.0,100.0,0.0012578938208638313,0.2780477349705063,0.277872857706644,0.2776979804427817,0.5167755782210829,0.5161395005401246,0.5155042057808702,1349.55,1335.21,2027-06-10,9392.21
M1,2027-07-10,2027-08-10,23,270,1.0,100.0,0.0012578938208638313,0.2776979804427817,0.2775233231559491,0.2773486658691164,0.5155042057808702,0.5148696929796537,0.5142359611739953,1335.21,1320.92,2027-07-10,9327.06
M1,2027-08-10,2027-09-10,23,271,1.0,100.0,0.001267986005408006,0.2773486658691164,0.2771728287556461,0.2769969916421758,0.5142359611739953,0.5136030094025998,0.5129708367053555,1320.92,1306.68,2027-08-10,9261.64
M1,2027-09-10,2027-10-10,23,272,1.0,100.0,0.001267986005408006,0.2769969916421758,0.2768213774877046,0.2766457633332334,0.5129708367053555,0.5123394421233322,0.5117088246987799,1306.68,1292.5,2027-09-10,9196.05
M1,2027-10-10,2027-11-10,23,273,1.0,100.0,0.001267986005408006,0.2766457633332334,0.2764703718550524,0.27629498037687145,0.5117088246987799,0.5110789834751278,0.5104499174969822,1292.5,1278.37,2027-10-10,9130.27
M1,2027-11-10,2027-12-10,23,274,1.0,100.0,0.001267986005408006,0.27629498037687145,0.2761198112926303,0.2759446422083891,0.5104499174969822,0.5098216258101257,0.5091941074615148,1278.37,1264.3,2027-11-10,9064.22
M1,2027-12-10,2028-01-10,23,275,1.0,100.0,0.001267986005408006,0.2759446422083891,0.2757696952360953,0.27559474826380154,0.5091941074615148,0.5085673614992797,0.5079413869727221,1264.3,1250.27,2027-12-10,8997.98
M1,2028-01-10,2028-02-10,23,276,1.0,100.0,0.001267986005408006,0.27559474826380154,0.27542002312182035,0.2752452979798391,0.5079413869727221,0.5073161829323134,0.5066917484296942,1250.27,1236.3,2028-01-10,8931.39
M1,2028-02-10,2028-03-10,24,277,1.0,100.0,0.001267986005408006,0.2752452979798391,0.2750707943868927,0.2748962907939463,0.5066917484296942,0.5060680825176723,0.5054451842502214,1236.3,1222.38,2028-02-10,8864.62
M1,2028-03-10,2028-04-10,24,278,1.0,100.0,0.001267986005408006,0.2748962907939463,0.27472200846911365,0.27454772614428097,0.5054451842502214,0.5048230526824795,0.5042016868707476,1222.38,1208.51,2028-03-10,8797.58
M1,2028-04-10,2028-05-10,24,279,1.0,100.0,0.001267986005408006,0.27454772614428097,0.2743736648069972,0.27419960346971345,0.5042016868707476,0.5035810858724884,0.5029612487463245,1208.51,1194.69,2028-04-10,8730.28
M1,2028-05-10,2028-06-10,24,280,1.0,100.0,0.001267986005408006,0.27419960346971345,0.2740257628397694,0.2738519222098254,0.5029612487463245,0.5023421745520374,0.5017238623505659,1194.69,1180.93,2028-05-10,8662.71
M1,2028-06-10,2028-07-10,24,281,1.0,100.0,0.001267986005408006,0.2738519222098254,0.2736783020073673,0.2735046818049093,0.5017238623505659,0.5011063112040044,0.500489520175602,1180.93,1167.21,2028-06-10,8594.95
M1,2028-07-10,2028-08-10,24,282,1.0,100.0,0.001267986005408006,0.2735046818049093,0.2733312817504382,0.2731578816959671,0.500489520175602,0.49987348832976086,0.4992582147320342,1167.21,1153.55,2028-07-10,8526.86
M1,2028-08-10,2028-09-10,24,283,1.0,100.0,0.001267986005408006,0.2731578816959671,0.2729847015103384,0.2728115213247097,0.4992582147320342,0.49864369844912604,0.49802993854888894,1153.55,1139.94,2028-08-10,8458.58
M1,2028-09-10,2028-10-10,24,284,1.0,100.0,0.0012780792400366447,0.2728115213247097,0.2726371839537858,0.2724628465828618,0.49802993854888894,0.4974169341003225,0.4968046841735727,1139.94,1126.38,2028-09-10,8390.04
M1,2028-10-10,2028-11-10,24,285,1.0,100.0,0.0012780792400366447,0.2724628465828618,0.27228873202891235,0.27211461747496296,0.4968046841735727,0.49619318783992994,0.4955824441718274,1126.38,1112.86,2028-10-10,8321.31
M1,2028-11-10,2028-12-10,24,286,1.0,100.0,0.0012780792400366447,0.27211461747496296,0.27194072545321035,0.2717668334314577,0.4955824441718274,0.49497245224284037,0.4943632111276843,1112.86,1099.4,2028-11-10,8252.26
M1,2028-12-10,2029-01-10,24,287,1.0,100.0,0.0012780792400366447,0.2717668334314577,0.2715931636574881,0.27141949388351844,0.4943632111276843,0.49375471990221337,0.49314697764341947,1099.4,1085.99,2028-12-10,8183.01
M1,2029-01-10,2029-02-10,24,288,1.0,100.0,0.0012780792400366447,0.27141949388351844,0.2712460460732815,0.27107259826304464,0.49314697764341947,0.4925399834294305,0.49193373633950893,1085.99,1072.63,2029-01-10,8113.5
M1,2029-02-10,2029-03-10,25,289,1.0,100.0,0.0012780792400366447,0.27107259826304464,0.27089937213285326,0.27072614600266187,0.49193373633950893,0.4913282354540508,0.4907234798545839,1072.63,1059.32,2029-02-10,8043.73
M1,2029-03-10,2029-04-10,25,290,1.0,100.0,0.0012780792400366447,0.27072614600266187,0.2705531412691913,0.27038013653572074,0.4907234798545839,0.49011946862376654,0.489516200845386,1059.32,1046.06,2029-03-10,7973.7
M1,2029-04-10,2029-05-10,25,291,1.0,100.0,0.0012780792400366447,0.27038013653572074,0.27020735291600845,0.27003456929629616,0.489516200845386,0.48891367560435767,0.4883118919867228,1046.06,1032.85,2029-04-10,7903.41
M1,2029-05-10,2029-06-10,25,292,1.0,100.0,0.0012780792400366447,0.27003456929629616,0.2698620065077413,0.26968944371918635,0.4883118919867228,0.48771084907964796,0.4871105459714232,1032.85,1019.69,2029-05-10,7832.86
M1,2029-06-10,2029-07-10,25,293,1.0,100.0,0.0012780792400366447,0.26968944371918635,0.2695171014795491,0.2693447592399118,0.4871105459714232,0.4865109817514607,0.48591215551029326,1019.69,1006.58,2029-06-10,7762.05
M1,2029-07-10,2029-08-10,25,294,1.0,100.0,0.0012780792400366447,0.2693447592399118,0.2691726372673132,0.2690005152947146,0.48591215551029326,0.48531406633957364,0.484716713332072,1006.58,993.52,2029-07-10,7690.99
M1,2029-08-10,2029-09-10,25,295,1.0,100.0,0.0012881735968313102,0.2690005152947146,0.26882725561404625,0.2686539959333779,0.484716713332072,0.48412009558167574,0.4835242121833872,993.52,980.5,2029-08-10,7619.66
M1,2029-09-10,2029-10-10,25,296,1.0,100.0,0.0012881735968313102,0.2686539959333779,0.2684809594412556,0.2683079229491333,0.4835242121833872,0.4829290622333228,0.48233464482871136,980.5,967.54,2029-09-10,7548.07
M1,2029-10-10,2029-11-10,25,297,1.0,100.0,0.0012881735968313102,0.2683079229491333,0.2681351093580514,0.26796229576696956,0.48233464482871136,0.4817409590678931,0.48114800405031793,967.54,954.62,2029-10-10,7476.3
M1,2029-11-10,2029-12-10,25,298,1.0,100.0,0.0012881735968313102,0.26796229576696956,0.2677897047897929,0.26761711381261627,0.48114800405031793,0.480555778876544,0.4799642826482372,954.62,941.75,2029-11-10,7404.2
M1,2029-12-10,2030-01-10,25,299,1.0,100.0,0.0012881735968313102,0.26761711381261627,0.26744474516257943,0.26727237651254265,0.4799642826482372,0.47937351446816834,0.47878347344021305,941.75,928.93,2029-12-10,7331.84
M1,2030-01-10,2030-02-10,25,300,1.0,100.0,0.0012881735968313102,0.26727237651254265,0.2671002299032498,0.26692808329395684,0.47878347344021305,0.47819415866934994,0.47760556926165915,928.93,916.16,2030-01-10,7259.22
M1,2030-02-10,2030-03-10,26,301,1.0,100.0,0.0012881735968313102,0.26692808329395684,0.26675615843938083,0.26658423358480476,0.47760556926165915,0.4770177043243212,0.4764305629656155,916.16,903.43,2030-02-10,7186.34
M1,2030-03-10,2030-04-10,26,302,1.0,100.0,0.0012881735968313102,0.26658423358480476,0.266412530199287,0.2662408268137693,0.4764305629656155,0.47584414429491895,0.4752584474227049,903.43,890.75,2030-03-10,7113.12
M1,2030-04-10,2030-05-10,26,303,1.0,100.0,0.0012881735968313102,0.2662408268137693,0.2660693446120193,0.2658978624102693,0.4752584474227049,0.47467347146054145,0.47408921552109007,890.75,878.13,2030-04-10,7039.65
M1,2030-05-10,2030-06-10,26,304,1.0,100.0,0.0012881735968313102,0.2658978624102693,0.2657266011073639,0.2655553398044585,0.47408921552109007,0.47350567871810484,0.4729228601664303,878.13,865.54,2030-05-10,6966.01
M1,2030-06-10,2030-07-10,26,305,1.0,100.0,0.0012881735968313102,0.2655553398044585,0.26538429911584166,0.2652132584272248,0.4729228601664303,0.47234075898200056,0.47175937428183806,865.54,853.01,2030-06-10,6891.94
M1,2030-07-10,2030-08-10,26,306,1.0,100.0,0.0012881735968313102,0.2652132584272248,0.26504243806870703,0.26487161771018924,0.47175937428183806,0.471178705184052,0.47059875080783686,853.01,840.52,2030-07-10,6817.71
M1,2030-08-10,2030-09-10,26,307,1.0,100.0,0.0012881735968313102,0.26487161771018924,0.2647010173979471,0.26453041708570496,0.47059875080783686,0.4700195102734716,0.4694409827023177,840.52,828.08,2030-08-10,6743.14
M1,2030-09-10,2030-10-10,26,308,1.0,100.0,0.0012982690760529048,0.26453041708570496,0.2643587012556161,0.2641869854255272,0.4694409827023177,0.4688631672168182,0.46828606294049646,828.08,815.68,2030-09-10,6668.31
M1,2030-10-10,2030-11-10,26,309,1.0,100.0,0.0012982690760529048,0.2641869854255272,0.2640154925287904,0.2638439996320536,0.46828606294049646,0.4677096689979545,0.4671339845148717,815.68,803.34,2030-10-10,6593.21
M1,2030-11-10,2030-12-10,26,310,1.0,100.0,0.0012982690760529048,0.2638439996320536,0.2636727293792414,0.2635014591264292,0.4671339845148717,0.4665590086180039,0.4659847404351817,803.34,791.03,2030-11-10,6517.95
M1,2030-12-10,2031-01-10,26,311,1.0,100.0,0.0012982690760529048,0.2635014591264292,0.2633304112284899,0.2631593633305505,0.4659847404351817,0.465411179095309,0.46483832372836215,791.03,778.78,2030-12-10,6442.26
M1,2031-01-10,2031-02-10,26,312,1.0,100.0,0.0012982690760529048,0.2631593633305505,0.2629885374988076,0.2628177116670647,0.46483832372836215,0.4642661734653883,0.463694727438504,778.78,766.57,2031-01-10,6366.4
M1,2031-02-10,2031-03-10,27,313,1.0,100.0,0.0012982690760529048,0.2628177116670647,0.2626471076132165,0.26247650355936836,0.463694727438504,0.4631239847808943,0.46255394462681115,766.57,754.4,2031-02-10,6290.21
M1,2031-03-10,2031-04-10,27,314,1.0,100.0,0.0012982690760529048,0.26247650355936836,0.26230612099548756,0.26213573843160676,0.46255394462681115,0.46198460611157177,0.4614159683715581,754.4,742.29,2031-03-10,6213.68
M1,2031-04-10,2031-05-10,27,315,1.0,100.0,0.0012982690760529048,0.26213573843160676,0.26196557707013973,0.2617954157086727,0.4614159683715581,0.460848030544215,0.4602807917680486,742.29,730.21,2031-04-10,6136.98
M1,2031-05-10,2031-06-10,27,316,1.0,100.0,0.0012982690760529048,0.2617954157086727,0.2616254752624392,0.2614555348162057,0.4602807917680486,0.45971425118262604,0.4591484079285731,730.21,718.19,2031-05-10,6059.86
M1,2031-06-10,2031-07-10,27,317,1.0,100.0,0.0012982690760529048,0.2614555348162057,0.2612858149983983,0.2611160951805909,0.4591484079285731,0.45858326114757336,0.4580188099823671,718.19,706.2,2031-06-10,5982.58
M1,2031-07-10,2031-08-10,27,318,1.0,100.0,0.0012982690760529048,0.2611160951805909,0.26094659570477463,0.2607770962289583,0.4580188099823671,0.4574550535767495,0.4568919910755698,706.2,694.27,2031-07-10,5904.88
M1,2031-08-10,2031-09-10,27,319,1.0,100.0,0.0013083657498231815,0.2607770962289583,0.26060650031843613,0.260435904407914,0.4568919910755698,0.4563296216247297,0.4557679443711822,694.27,682.37,2031-08-10,5827.01
M1,2031-09-10,2031-10-10,27,320,1.0,100.0,0.0013083657498231815,0.260435904407914,0.2602655316992382,0.26009515899056246,0.4557679443711822,0.4552069584629303,0.4546466630490257,682.37,670.53,2031-09-10,5748.77
M1,2031-10-10,2031-11-10,27,321,1.0,100.0,0.0013083657498231815,0.26009515899056246,0.2599250091917034,0.2597548593928444,0.4546466630490257,0.45408705727956744,0.4535281403057007,670.53,658.72,2031-10-10,5670.38
M1,2031-11-10,2031-12-10,27,322,1.0,100.0,0.0013083657498231815,0.2597548593928444,0.2595849322121545,0.25941500503146464,0.4535281403057007,0.4529699112796155,0.4524123693545453,658.72,646.97,2031-11-10,5591.56
M1,2031-12-10,2032-01-10,27,323,1.0,100.0,0.0013083657498231815,0.25941500503146464,0.25924530017767794,0.25907559532389124,0.4524123693545453,0.45185551368476595,0.45129934342559425,646.97,635.25,2031-12-10,5512.58
M1,2032-01-10,2032-02-10,27,324,1.0,100.0,0.0013083657498231815,0.25907559532389124,0.25890611250612283,0.2587366296883544,0.45129934342559425,0.45074385773338665,0.4501890557655378,635.25,623.58,2032-01-10,5433.17
M1,2032-02-10,2032-03-10,28,325,1.0,100.0,0.0013083657498231815,0.2587366296883544,0.25856736861609997,0.2583981075438455,0.4501890557655378,0.44963493668047994,0.4490814996376807,623.58,611.96,2032-02-10,5353.52
M1,2032-03-10,2032-04-10,28,326,1.0,100.0,0.0013083657498231815,0.2583981075438455,0.25822906792698075,0.25806002831011604,0.4490814996376807,0.44852874379764246,0.4479766683219011,611.96,600.37,2032-03-10,5273.62
M1,2032-04-10,2032-05-10,28,327,1.0,100.0,0.0013083657498231815,0.25806002831011604,0.25789120985889635,0.25772239140767667,0.4479766683219011,0.4474252723730242,0.44687455511461033,600.37,588.83,2032-04-10,5193.29
M1,2032-05-10,2032-06-10,28,328,1.0,100.0,0.0013083657498231815,0.25772239140767667,0.25755379383273647,0.2573851962577963,0.44687455511461033,0.4463245157112874,0.44577515332871176,588.83,577.34,2032-05-10,5112.72
M1,2032-06-10,2032-07-10,28,329,1.0,100.0,0.0013083657498231815,0.2573851962577963,0.2572168192701487,0.2570484422825011,0.44577515332871176,0.44522646713356634,0.44467845629356023,577.34,565.89,2032-06-10,5031.9
M1,2032-07-10,2032-08-10,28,330,1.0,100.0,0.0013083657498231815,0.2570484422825011,0.2568802855935372,0.2567121289045733,0.44467845629356023,0.44413111997742666,0.44358445735492213,565.89,554.48,2032-07-10,4950.75
M1,2032-08-10,2032-09-10,28,331,1.0,100.0,0.0013083657498231815,0.2567121289045733,0.25654419222606184,0.25637625554755034,0.44358445735492213,0.4430384675968249,0.44249314987493416,554.48,543.11,2032-08-10,4869.26
M1,2032-09-10,2032-10-10,28,332,1.0,100.0,0.001370087788344243,0.25637625554755034,0.25620062655907677,0.2560249975706032,0.44249314987493416,0.44194850336206826,0.44140452723206375,543.11,531.79,2032-09-10,4787.44
M1,2032-10-10,2032-11-10,28,333,1.0,100.0,0.001370087788344243,0.2560249975706032,0.25584960920926203,0.25567422084792085,0.44140452723206375,0.4408612206597742,0.44031858282106856,531.79,520.51,2032-10-10,4705.67
M1,2032-11-10,2032-12-10,28,334,1.0,100.0,0.001370087788344243,0.25567422084792085,0.2554990727840318,0.2553239247201427,0.44031858282106856,0.43977661289283054,0.4392353100529566,520.51,509.27,2032-11-10,4623.55
M1,2032-12-10,2033-01-10,28,335,1.0,100.0,0.001370087788344243,0.2553239247201427,0.2551490166244771,0.2549741085288115,0.4392353100529566,0.43869467348035535,0.4381547023549459,509.27,498.08,2032-12-10,4541.08
M1,2033-01-10,2033-02-10,28,336,1.0,100.0,0.001370087788344243,0.2549741085288115,0.2547994400725919,0.25462477161637226,0.4381547023549459,0.43761539585765696,0.4370767531704251,498.08,486.93,2033-01-10,4458.36
M1,2033-02-10,2033-03-10,29,337,1.0,100.0,0.001370087788344243,0.25462477161637226,0.2544503424712715,0.2542759133261707,0.4370767531704251,0.43653877347619413,0.43600145595891326,486.93,475.82,2033-02-10,4375.3
M1,2033-03-10,2033-04-10,29,338,1.0,100.0,0.001370087788344243,0.2542759133261707,0.25410172316431157,0.25392753300245247,0.43600145595891326,0.43546479980353636,0.4349288041960204,475.82,464.76,2033-03-10,4291.9
M1,2033-04-10,2033-05-10,29,339,1.0,100.0,0.001370087788344243,0.25392753300245247,0.2537535814964069,0.25357962999036143,0.4349288041960204,0.4343934683233245,0.43385879137340805,464.76,453.73,2033-04-10,4208.24
M1,2033-05-10,2033-06-10,29,340,1.0,100.0,0.001370087788344243,0.25357962999036143,0.2534059168131501,0.2532322036359388,0.43385879137340805,0.4333247725352305,0.4327914109987492,453.73,442.75,2033-05-10,4124.15
M1,2033-06-10,2033-07-10,29,341,1.0,100.0,0.001370087788344243,0.2532322036359388,0.2530587284610303,0.2528852532861217,0.4327914109987492,0.4322587059549188,0.43172665659568954,442.75,431.82,2033-06-10,4039.81
M1,2033-07-10,2033-08-10,29,342,1.0,100.0,0.001370087788344243,0.2528852532861217,0.25271201578743185,0.25253877828874205,0.43172665659568954,0.4311952621140065,0.4306645217038079,431.82,420.92,2033-07-10,3955.22
M1,2033-08-10,2033-09-10,29,343,1.0,100.0,0.0014318518186200446,0.25253877828874205,0.2523579792342596,0.25217718017977725,0.4306645217038079,0.43013443456002415,0.42960499987857687,420.92,410.06,2033-08-10,3870.19
M1,2033-09-10,2033-10-10,29,344,1.0,100.0,0.0014318518186200446,0.25217718017977725,0.2519966400027498,0.25181609982572234,0.42960499987857687,0.4290762168563769,0.42854808469132405,410.06,399.25,2033-09-10,3785.06
M1,2033-10-10,2033-11-10,29,345,1.0,100.0,0.0014318518186200446,0.25181609982572234,0.2516358181554757,0.25145553648522906,0.42854808469132405,0.428020602582305,0.4274937697291928,399.25,388.48,2033-10-10,3699.66
M1,2033-11-10,2033-12-10,29,346,1.0,100.0,0.0014318518186200446,0.25145553648522906,0.2512755129516199,0.25109548941801063,0.4274937697291928,0.4269675853328452,0.4264420485951035,388.48,377.75,2033-11-10,3613.91
M1,2033-12-10,2034-01-10,29,347,1.0,100.0,0.0014318518186200446,0.25109548941801063,0.2509157236514254,0.25073595788484015,0.4264420485951035,0.4259171587187916,0.42539291490771447,377.75,367.06,2033-12-10,3527.81
M1,2034-01-10,2034-02-10,29,348,1.0,100.0,0.0014318518186200446,0.25073595788484015,0.2505564495161947,0.2503769411475493,0.42539291490771447,0.4248693163666572,0.42434636230138356,367.06,356.42,2034-01-10,3441.36
M1,2034-02-10,2034-03-10,30,349,1.0,100.0,0.0014318518186200446,0.2503769411475493,0.250197689808288,0.25001843846902666,0.42434636230138356,0.42382405191863504,0.4233023844261294,356.42,345.82,2034-02-10,3354.65
M1,2034-03-10,2034-04-10,30,350,1.0,100.0,0.0014318518186200446,0.25001843846902666,0.24983944379112144,0.24966044911321625,0.4233023844261294,0.4227813590325596,0.4222609749475926,345.82,335.25,2034-03-10,3267.59
M1,2034-04-10,2034-05-10,30,351,1.0,100.0,0.0014318518186200446,0.24966044911321625,0.24948171072916614,0.249302972345116,0.4222609749475926,0.42174123138186836,0.4212221275469981,335.25,324.73,2034-04-10,3180.08
M1,2034-05-10,2034-06-10,30,352,1.0,100.0,0.0014318518186200446,0.249302972345116,0.24912448988794614,0.24894600743077627,0.4212221275469981,0.4207036626555636,0.42018583592111575,324.73,314.25,2034-05-10,3092.32
M1,2034-06-10,2034-07-10,30,353,1.0,100.0,0.0014318518186200446,0.24894600743077627,0.2487677805340373,0.24858955363729832,0.42018583592111575,0.41966864655817354,0.4191520937822229,314.25,303.81,2034-06-10,3004.2
M1,2034-07-10,2034-08-10,30,354,1.0,100.0,0.0014318518186200446,0.24858955363729832,0.24841158193506557,0.2482336102328328,0.4191520937822229,0.41863617680971504,0.41812089485806586,303.81,293.41,2034-07-10,2915.73
M1,2034-08-10,2034-09-10,30,355,1.0,100.0,0.0014318518186200446,0.2482336102328328,0.24805589335970557,0.2478781764865783,0.41812089485806586,0.4176062471456546,0.4170922328918222,293.41,283.05,2034-08-10,2826.91
M1,2034-09-10,2034-10-10,30,356,1.0,100.0,0.0014936579724370569,0.2478781764865783,0.24769305387932716,0.247507931272076,0.4170922328918222,0.41657885131687084,0.41606610164206215,283.05,272.73,2034-09-10,2737.74
M1,2034-10-10,2034-11-10,30,357,1.0,100.0,0.0014936579724370569,0.247507931272076,0.24732308517468302,0.24713823907729005,0.41606610164206215,0.4155539830896165,0.41504249488271144,272.73,262.46,2034-10-10,2648.39
M1,2034-11-10,2034-12-10,30,358,1.0,100.0,0.0014936579724370569,0.24713823907729005,0.24695366907674413,0.2467690990761982,0.41504249488271144,0.41453163624548073,0.41402140640301305,262.46,252.22,2034-11-10,2558.77
M1,2034-12-10,2035-01-10,30,359,1.0,100.0,0.0014936579724370569,0.2467690990761982,0.24658480476010508,0.24640051044401193,0.41402140640301305,0.413511804581351,0.4130028300074897,252.22,242.02,2034-12-10,2468.69
M1,2035-01-10,2035-02-10,30,360,1.0,100.0,0.0014936579724370569,0.24640051044401193,0.24621649140059332,0.24603247235717468,0.4130028300074897,0.41249448190937593,0.41198675951590635,242.02,231.87,2035-01-10,2378.25
M1,2035-02-10,2035-03-10,31,361,1.0,100.0,0.0014936579724370569,0.24603247235717468,0.24584872817526732,0.24566498399335998,0.41198675951590635,0.4114796620569272,0.4109731887632324,231.87,221.75,2035-02-10,2287.54
M1,2035-03-10,2035-04-10,31,362,1.0,100.0,0.0014936579724370569,0.24566498399335998,0.24548151426241482,0.24529804453146967,0.4109731887632324,0.41046733886656267,0.40996211159960455,221.75,211.67,2035-03-10,2196.38
M1,2035-04-10,2035-05-10,31,363,1.0,100.0,0.0014936579724370569,0.24529804453146967,0.24511484884155083,0.244931653151632,0.40996211159960455,0.40945750619598875,0.40895352189028944,211.67,201.64,2035-04-10,2104.85
M1,2035-05-10,2035-06-10,31,364,1.0,100.0,0.0014936579724370569,0.244931653151632,0.24474873109341594,0.2445658090351999,0.40895352189028944,0.4084501579180228,0.40794741351564634,201.64,191.64,2035-05-10,2013.07
M1,2035-06-10,2035-07-10,31,365,1.0,100.0,0.0014936579724370569,0.2445658090351999,0.24438316019997441,0.24420051136474896,0.40794741351564634,0.40744528792055684,0.40694378037109014,191.64,181.68,2035-06-10,1920.82
M1,2035-07-10,2035-08-10,31,366,1.0,100.0,0.0014936579724370569,0.24420051136474896,0.24401813534441238,0.2438357593240758,0.40694378037109014,0.4064428901065194,0.40594261636705425,181.68,171.77,2035-07-10,1828.21
M1,2035-08-10,2035-09-10,31,367,1.0,100.0,0.001618423972883254,0.2438357593240758,0.24363844450490768,0.24344112968573953,0.40594261636705425,0.40544295839383937,0.4049439154289536,171.77,161.89,2035-08-10,1735.34
M1,2035-09-10,2035-10-10,31,368,1.0,100.0,0.001618423972883254,0.24344112968573953,0.24324413420560492,0.24304713872547035,0.4049439154289536,0.4044454867154086,0.4039476714971477,161.89,152.05,2035-09-10,1642.22
M1,2035-10-10,2035-11-10,31,369,1.0,100.0,0.001618423972883254,0.24304713872547035,0.24285046206754335,0.24265378540961635,0.4039476714971477,0.4034504690190452,0.40295387852690434,152.05,142.25,2035-10-10,1548.71
M1,2035-11-10,2035-12-10,31,370,1.0,100.0,0.001618423972883254,0.24265378540961635,0.24245742705790746,0.24226106870619857,0.40295387852690434,0.40245789926745706,0.4019625304883622,142.25,132.49,2035-11-10,1454.82
M1,2035-12-10,2036-01-10,31,371,1.0,100.0,0.001618423972883254,0.24226106870619857,0.24206502814555336,0.24186898758490813,0.4019625304883622,0.4014677714382049,0.40097362136649484,132.49,122.78,2035-12-10,1360.55
M1,2036-01-10,2036-02-10,31,372,1.0,100.0,0.001618423972883254,0.24186898758490813,0.24167326430100594,0.24147754101710373,0.40097362136649484,0.40048007952366593,0.3999871451610742,122.78,113.1,2036-01-10,1265.99
M1,2036-02-10,2036-03-10,32,373,1.0,100.0,0.001618423972883254,0.24147754101710373,0.24128213449645625,0.24108672797580874,0.3999871451610742,0.39949481753099725,0.39900309588663335,113.1,103.46,2036-02-10,1170.95
M1,2036-03-10,2036-04-10,32,374,1.0,100.0,0.001618423972883254,0.24108672797580874,0.24089163770575872,0.2406965474357087,0.39900309588663335,0.39851197948209977,0.39802146757243156,103.46,93.86,2036-03-10,1075.53
M1,2036-04-10,2036-05-10,32,375,1.0,100.0,0.001618423972883254,0.2406965474357087,0.2405017729044286,0.2403069983731485,0.39802146757243156,0.3975315594135813,0.39704225426241685,93.86,84.3,2036-04-10,979.73
M1,2036-05-10,2036-06-10,32,376,1.0,100.0,0.001618423972883254,0.2403069983731485,0.24011253906963914,0.23991807976612978,0.39704225426241685,0.3965535513767212,0.3960654500151906,84.3,74.78,2036-05-10,883.54
M1,2036-06-10,2036-07-10,32,377,1.0,100.0,0.001618423972883254,0.23991807976612978,0.23972393518021895,0.23952979059430815,0.3960654500151906,0.39557794943743385,0.395091048903971,74.78,65.29,2036-06-10,786.97
M1,2036-07-10,2036-08-10,32,378,1.0,100.0,0.001618423972883254,0.23952979059430815,0.23933596021664938,0.2391421298389906,0.395091048903971,0.39460474767623244,0.39411904501655753,65.29,55.85,2036-07-10,689.91
M1,2036-08-10,2036-09-10,32,379,1.0,100.0,0.001618423972883254,0.2391421298389906,0.23894861316106172,0.23875509648313284,0.39411904501655753,0.39363394018819353,0.39314943245529477,55.85,46.44,2036-08-10,592.57
M1,2036-09-10,2036-10-10,32,380,1.0,100.0,0.0017483327342762145,0.23875509648313284,0.2385463848078045,0.2383376731324761,0.39314943245529477,0.3926655210829209,0.3921822053370366,46.44,37.08,2036-09-10,494.75
M1,2036-10-10,2036-11-10,32,381,1.0,100.0,0.0017483327342762145,0.2383376731324761,0.23812932635460177,0.2379209795767274,0.3921822053370366,0.39169948448450986,0.391217357793111,37.08,27.75,2036-10-10,396.7
M1,2036-11-10,2036-12-10,32,382,1.0,100.0,0.0017483327342762145,0.2379209795767274,0.23771299705834487,0.23750501453996234,0.391217357793111,0.3907358245315117,0.39025488396928365,27.75,18.46,2036-11-10,298.13
M1,2036-12-10,2037-01-10,32,383,1.0,100.0,0.0017483327342762145,0.23750501453996234,0.23729739564422486,0.23708977674848739,0.39025488396928365,0.38977453537689793,0.3892947780257232,18.46,9.21,2036-12-10,199.16
M1,2037-01-10,2037-02-10,32,384,1.0,100.0,0.0017483327342762145,0.23708977674848739,0.23688252083966158,0.23667526493083577,0.3892947780257232,0.3888156111880252,0.3883370341369652,9.21,0.0,2037-01-10,99.79
